,Temperature,L,R,A_M,Color_Red,Color_blue-white,Color_White,Color_yellow-white,Color_Pale yellow orange,Color_Blue,Color_Orange,Color_Yellow,Color_Orange-Red,Spectral_Class_M,Spectral_Class_B,Spectral_Class_A,Spectral_Class_F,Spectral_Class_O,Spectral_Class_K,Spectral_Class_G
0,-0.779382099871884,-0.5986235563454188,-0.45920991506112363,1.1167453500297104,1.0690449676496976,-0.453905442524948,-0.22941573387056183,-0.22941573387056183,-0.06468462273531511,-0.5516772843673705,-0.09166984970282112,-0.11250879009260241,-0.06468462273531508,1.0780362527123855,-0.4869429145822492,-0.2932112731099079,-0.276103574508738,-0.4472135954999579,-0.16012815380508713,-0.06468462273531508
1,-0.7821096100513444,-0.5986235669565034,-0.4592405306338585,1.1624137641628556,1.0690449676496976,-0.453905442524948,-0.22941573387056183,-0.22941573387056183,-0.06468462273531511,-0.5516772843673705,-0.09166984970282112,-0.11250879009260241,-0.06468462273531508,1.0780362527123855,-0.4869429145822492,-0.2932112731099079,-0.276103574508738,-0.4472135954999579,-0.16012815380508713,-0.06468462273531508
2,-0.8284772831021704,-0.5986235680734597,-0.4593416782855522,1.3622130759953643,1.0690449676496976,-0.453905442524948,-0.22941573387056183,-0.22941573387056183,-0.06468462273531511,-0.5516772843673705,-0.09166984970282112,-0.11250879009260241,-0.06468462273531508,1.0780362527123855,-0.4869429145822492,-0.2932112731099079,-0.276103574508738,-0.4472135954999579,-0.16012815380508713,-0.06468462273531508
3,-0.80749643556786,-0.5986235686319379,-0.4592292920058925,1.1671708906350577,1.0690449676496976,-0.453905442524948,-0.22941573387056183,-0.22941573387056183,-0.06468462273531511,-0.5516772843673705,-0.09166984970282112,-0.11250879009260241,-0.06468462273531508,1.0780362527123855,-0.4869429145822492,-0.2932112731099079,-0.276103574508738,-0.4472135954999579,-0.16012815380508713,-0.06468462273531508
4,-0.8978189842030664,-0.5986235689781942,-0.4593397405910753,1.491606916039275,1.0690449676496976,-0.453905442524948,-0.22941573387056183,-0.22941573387056183,-0.06468462273531511,-0.5516772843673705,-0.09166984970282112,-0.11250879009260241,-0.06468462273531508,1.0780362527123855,-0.4869429145822492,-0.2932112731099079,-0.276103574508738,-0.4472135954999579,-0.16012815380508713,-0.06468462273531508
5,-0.8033002660609979,-0.5986235661187862,-0.4593261767297371,1.198567925351595,1.0690449676496976,-0.453905442524948,-0.22941573387056183,-0.22941573387056183,-0.06468462273531511,-0.5516772843673705,-0.09166984970282112,-0.11250879009260241,-0.06468462273531508,1.0780362527123855,-0.4869429145822492,-0.2932112731099079,-0.276103574508738,-0.4472135954999579,-0.16012815380508713,-0.06468462273531508
6,-0.824595826308323,-0.5986235656720037,-0.4592932359236299,1.2214021324181674,1.0690449676496976,-0.453905442524948,-0.22941573387056183,-0.22941573387056183,-0.06468462273531511,-0.5516772843673705,-0.09166984970282112,-0.11250879009260241,-0.06468462273531508,1.0780362527123855,-0.4869429145822492,-0.2932112731099079,-0.276103574508738,-0.4472135954999579,-0.16012815380508713,-0.06468462273531508
7,-0.8284772831021704,-0.5986235675149815,-0.45935330445241357,1.2385277877180967,1.0690449676496976,-0.453905442524948,-0.22941573387056183,-0.22941573387056183,-0.06468462273531511,-0.5516772843673705,-0.09166984970282112,-0.11250879009260241,-0.06468462273531508,1.0780362527123855,-0.4869429145822492,-0.2932112731099079,-0.276103574508738,-0.4472135954999579,-0.16012815380508713,-0.06468462273531508
8,-0.8232320712185928,-0.5986235658953949,-0.4593261767297371,1.2432849141902995,1.0690449676496976,-0.453905442524948,-0.22941573387056183,-0.22941573387056183,-0.06468462273531511,-0.5516772843673705,-0.09166984970282112,-0.11250879009260241,-0.06468462273531508,1.0780362527123855,-0.4869429145822492,-0.2932112731099079,-0.276103574508738,-0.4472135954999579,-0.16012815380508713,-0.06468462273531508
9,-0.8179868593350152,-0.5986235687436334,-0.4592874228401993,1.1100853729686269,1.0690449676496976,-0.453905442524948,-0.22941573387056183,-0.22941573387056183,-0.06468462273531511,-0.5516772843673705,-0.09166984970282112,-0.11250879009260241,-0.06468462273531508,1.0780362527123855,-0.4869429145822492,-0.2932112731099079,-0.276103574508738,-0.4472135954999579,-0.16012815380508713,-0.06468462273531508
10,-0.7235730454306183,-0.598623553553028,-0.4585510989389805,0.6001214151485081,1.0690449676496976,-0.453905442524948,-0.22941573387056183,-0.22941573387056183,-0.06468462273531511,-0.5516772843673705,-0.09166984970282112,-0.11250879009260241,-0.06468462273531508,1.0780362527123855,-0.4869429145822492,-0.2932112731099079,-0.276103574508738,-0.4472135954999579,-0.16012815380508713,-0.06468462273531508
11,-0.7729829413739193,-0.5986235016145609,-0.45881055622943623,0.7047781975369652,1.0690449676496976,-0.453905442524948,-0.22941573387056183,-0.22941573387056183,-0.06468462273531511,-0.5516772843673705,-0.09166984970282112,-0.11250879009260241,-0.06468462273531508,1.0780362527123855,-0.4869429145822492,-0.2932112731099079,-0.276103574508738,-0.4472135954999579,-0.16012815380508713,-0.06468462273531508
12,-0.7724584201855615,-0.5986235675149815,-0.45915953500472445,0.8398805893475193,1.0690449676496976,-0.453905442524948,-0.22941573387056183,-0.22941573387056183,-0.06468462273531511,-0.5516772843673705,-0.09166984970282112,-0.11250879009260241,-0.06468462273531508,1.0780362527123855,-0.4869429145822492,-0.2932112731099079,-0.276103574508738,-0.4472135954999579,-0.16012815380508713,-0.06468462273531508
13,-0.7206357267758148,-0.5986235390325964,-0.4587778091927768,0.5801414839652573,1.0690449676496976,-0.453905442524948,-0.22941573387056183,-0.22941573387056183,-0.06468462273531511,-0.5516772843673705,-0.09166984970282112,-0.11250879009260241,-0.06468462273531508,1.0780362527123855,-0.4869429145822492,-0.2932112731099079,-0.276103574508738,-0.4472135954999579,-0.16012815380508713,-0.06468462273531508
14,-0.8232320712185928,-0.5986235663980253,-0.45926804589543035,0.704017057301413,1.0690449676496976,-0.453905442524948,-0.22941573387056183,-0.22941573387056183,-0.06468462273531511,-0.5516772843673705,-0.09166984970282112,-0.11250879009260241,-0.06468462273531508,1.0780362527123855,-0.4869429145822492,-0.2932112731099079,-0.276103574508738,-0.4472135954999579,-0.16012815380508713,-0.06468462273531508
15,-0.7508481472252219,-0.5986235485267247,-0.4590742764477412,0.826560635225352,1.0690449676496976,-0.453905442524948,-0.22941573387056183,-0.22941573387056183,-0.06468462273531511,-0.5516772843673705,-0.09166984970282112,-0.11250879009260241,-0.06468462273531508,1.0780362527123855,-0.4869429145822492,-0.2932112731099079,-0.276103574508738,-0.4472135954999579,-0.16012815380508713,-0.06468462273531508
16,-0.8076013398055315,-0.5986235596962876,-0.4592292920058925,0.9902057858691212,1.0690449676496976,-0.453905442524948,-0.22941573387056183,-0.22941573387056183,-0.06468462273531511,-0.5516772843673705,-0.09166984970282112,-0.11250879009260241,-0.06468462273531508,1.0780362527123855,-0.4869429145822492,-0.2932112731099079,-0.276103574508738,-0.4472135954999579,-0.16012815380508713,-0.06468462273531508
17,-0.7139218555648355,-0.5986235492527463,-0.4586286067180561,0.610587093387354,1.0690449676496976,-0.453905442524948,-0.22941573387056183,-0.22941573387056183,-0.06468462273531511,-0.5516772843673705,-0.09166984970282112,-0.11250879009260241,-0.06468462273531508,1.0780362527123855,-0.4869429145822492,-0.2932112731099079,-0.276103574508738,-0.4472135954999579,-0.16012815380508713,-0.06468462273531508
18,-0.7663739744006115,-0.5986235495319854,-0.4591581786185906,0.8703261987696157,1.0690449676496976,-0.453905442524948,-0.22941573387056183,-0.22941573387056183,-0.06468462273531511,-0.5516772843673705,-0.09166984970282112,-0.11250879009260241,-0.06468462273531508,1.0780362527123855,-0.4869429145822492,-0.2932112731099079,-0.276103574508738,-0.4472135954999579,-0.16012815380508713,-0.06468462273531508
19,-0.7402528192203951,-0.598623351942419,-0.45885919236080625,0.6467412545760937,1.0690449676496976,-0.453905442524948,-0.22941573387056183,-0.22941573387056183,-0.06468462273531511,-0.5516772843673705,-0.09166984970282112,-0.11250879009260241,-0.06468462273531508,1.0780362527123855,-0.4869429145822492,-0.2932112731099079,-0.276103574508738,-0.4472135954999579,-0.16012815380508713,-0.06468462273531508
20,1.521377640740598,-0.5986232570011351,-0.45952304648858927,0.5896557369096624,-0.9354143466934854,2.203102025913772,-0.22941573387056183,-0.22941573387056183,-0.06468462273531511,-0.5516772843673705,-0.09166984970282112,-0.11250879009260241,-0.06468462273531508,-0.9276125895432155,2.053628813672964,-0.2932112731099079,-0.276103574508738,-0.4472135954999579,-0.16012815380508713,-0.06468462273531508
21,-0.2892695014703923,-0.5986235670123512,-0.45951541197235035,0.9169460381972012,-0.9354143466934854,-0.453905442524948,4.358898943540674,-0.22941573387056183,-0.06468462273531511,-0.5516772843673705,-0.09166984970282112,-0.11250879009260241,-0.06468462273531508,-0.9276125895432155,-0.4869429145822492,3.4105100714362973,-0.276103574508738,-0.4472135954999579,-0.16012815380508713,-0.06468462273531508
22,-0.34381970505959947,-0.5986235687994813,-0.4595180084829494,0.9369259693804523,-0.9354143466934854,-0.453905442524948,4.358898943540674,-0.22941573387056183,-0.06468462273531511,-0.5516772843673705,-0.09166984970282112,-0.11250879009260241,-0.06468462273531508,-0.9276125895432155,-0.4869429145822492,-0.2932112731099079,3.621829242085211,-0.4472135954999579,-0.16012815380508713,-0.06468462273531508
23,-0.2095422808400127,-0.5986235669565034,-0.45951994617742625,0.9626144523303463,-0.9354143466934854,-0.453905442524948,4.358898943540674,-0.22941573387056183,-0.06468462273531511,-0.5516772843673705,-0.09166984970282112,-0.11250879009260241,-0.06468462273531508,-0.9276125895432155,-0.4869429145822492,3.4105100714362973,-0.276103574508738,-0.4472135954999579,-0.16012815380508713,-0.06468462273531508
24,0.6296916205324046,-0.5986234971467357,-0.45951219539951865,0.7142924504813706,-0.9354143466934854,2.203102025913772,-0.22941573387056183,-0.22941573387056183,-0.06468462273531511,-0.5516772843673705,-0.09166984970282112,-0.11250879009260241,-0.06468462273531508,-0.9276125895432155,2.053628813672964,-0.2932112731099079,-0.276103574508738,-0.4472135954999579,-0.16012815380508713,-0.06468462273531508
25,0.26147774630525644,-0.5986235692741877,-0.4595202562085426,0.7466409104923483,-0.9354143466934854,-0.453905442524948,-0.22941573387056183,4.358898943540674,-0.06468462273531511,-0.5516772843673705,-0.09166984970282112,-0.11250879009260241,-0.06468462273531508,-0.9276125895432155,-0.4869429145822492,-0.2932112731099079,3.621829242085211,-0.4472135954999579,-0.16012815380508713,-0.06468462273531508
26,-0.20219898420300406,-0.5986235652252212,-0.4595205274857693,0.9340716934971306,-0.9354143466934854,2.203102025913772,-0.22941573387056183,-0.22941573387056183,-0.06468462273531511,-0.5516772843673705,-0.09166984970282112,-0.11250879009260241,-0.06468462273531508,-0.9276125895432155,-0.4869429145822492,3.4105100714362973,-0.276103574508738,-0.4472135954999579,-0.16012815380508713,-0.06468462273531508
27,-0.29346567097725446,-0.5986235691345682,-0.45951452063289094,0.9597601764470247,-0.9354143466934854,-0.453905442524948,-0.22941573387056183,4.358898943540674,-0.06468462273531511,-0.5516772843673705,-0.09166984970282112,-0.11250879009260241,-0.06468462273531508,-0.9276125895432155,-0.4869429145822492,-0.2932112731099079,3.621829242085211,-0.4472135954999579,-0.16012815380508713,-0.06468462273531508
28,0.13559266109939389,-0.5986235689111769,-0.4595180084829494,0.7808922210922069,-0.9354143466934854,-0.453905442524948,-0.22941573387056183,4.358898943540674,-0.06468462273531511,-0.5516772843673705,-0.09166984970282112,-0.11250879009260241,-0.06468462273531508,-0.9276125895432155,-0.4869429145822492,-0.2932112731099079,3.621829242085211,-0.4472135954999579,-0.16012815380508713,-0.06468462273531508
29,-0.3427706626828839,-0.5986235693021116,-0.4595141330939956,0.9226545899638444,-0.9354143466934854,-0.453905442524948,-0.22941573387056183,-0.22941573387056183,15.459624833740312,-0.5516772843673705,-0.09166984970282112,-0.11250879009260241,-0.06468462273531508,-0.9276125895432155,-0.4869429145822492,-0.2932112731099079,3.621829242085211,-0.4472135954999579,-0.16012815380508713,-0.06468462273531508
30,2.990036968142328,0.5406718385069337,-0.43899976166714455,-0.8641221129954516,-0.9354143466934854,-0.453905442524948,-0.22941573387056183,-0.22941573387056183,-0.06468462273531511,1.8126539343499315,-0.09166984970282112,-0.11250879009260241,-0.06468462273531508,-0.9276125895432155,-0.4869429145822492,-0.2932112731099079,-0.276103574508738,2.23606797749979,-0.16012815380508713,-0.06468462273531508
31,2.0458988290983586,-0.43755847379743296,-0.4473318479177783,-0.8165508482734256,-0.9354143466934854,2.203102025913772,-0.22941573387056183,-0.22941573387056183,-0.06468462273531511,-0.5516772843673705,-0.09166984970282112,-0.11250879009260241,-0.06468462273531508,-0.9276125895432155,2.053628813672964,-0.2932112731099079,-0.276103574508738,-0.4472135954999579,-0.16012815380508713,-0.06468462273531508
32,0.5012888336224247,-0.5922792580637048,-0.4455879228885759,-0.6043830076131897,-0.9354143466934854,2.203102025913772,-0.22941573387056183,-0.22941573387056183,-0.06468462273531511,-0.5516772843673705,-0.09166984970282112,-0.11250879009260241,-0.06468462273531508,-0.9276125895432155,2.053628813672964,-0.2932112731099079,-0.276103574508738,-0.4472135954999579,-0.16012815380508713,-0.06468462273531508
33,-0.08365719563415012,-0.5982102959243307,-0.45393938608397855,-0.40172941989735905,-0.9354143466934854,-0.453905442524948,4.358898943540674,-0.22941573387056183,-0.06468462273531511,-0.5516772843673705,-0.09166984970282112,-0.11250879009260241,-0.06468462273531508,-0.9276125895432155,2.053628813672964,-0.2932112731099079,-0.276103574508738,-0.4472135954999579,-0.16012815380508713,-0.06468462273531508
34,-0.4927837225532035,-0.5986190460759496,-0.45779539809299274,0.06351754908405506,-0.9354143466934854,-0.453905442524948,-0.22941573387056183,4.358898943540674,-0.06468462273531511,-0.5516772843673705,-0.09166984970282112,-0.11250879009260241,-0.06468462273531508,-0.9276125895432155,-0.4869429145822492,-0.2932112731099079,3.621829242085211,-0.4472135954999579,-0.16012815380508713,-0.06468462273531508
35,-0.2565393793168681,-0.5985749821506009,-0.45605147306379035,-0.18670730335380162,-0.9354143466934854,-0.453905442524948,4.358898943540674,-0.22941573387056183,-0.06468462273531511,-0.5516772843673705,-0.09166984970282112,-0.11250879009260241,-0.06468462273531508,-0.9276125895432155,-0.4869429145822492,3.4105100714362973,-0.276103574508738,-0.4472135954999579,-0.16012815380508713,-0.06468462273531508
36,-0.39239036710152814,-0.5986155835114735,-0.4573691053080766,-0.18765872864824212,-0.9354143466934854,-0.453905442524948,-0.22941573387056183,4.358898943540674,-0.06468462273531511,-0.5516772843673705,-0.09166984970282112,-0.11250879009260241,-0.06468462273531508,-0.9276125895432155,-0.4869429145822492,-0.2932112731099079,3.621829242085211,-0.4472135954999579,-0.16012815380508713,-0.06468462273531508
37,-0.43193926470370325,-0.5986160302939865,-0.45764038253484146,-0.1381846133373351,-0.9354143466934854,-0.453905442524948,-0.22941573387056183,4.358898943540674,-0.06468462273531511,-0.5516772843673705,-0.09166984970282112,-0.11250879009260241,-0.06468462273531508,-0.9276125895432155,-0.4869429145822492,-0.2932112731099079,3.621829242085211,-0.4472135954999579,-0.16012815380508713,-0.06468462273531508
38,-0.47851674622987245,-0.5986159912005167,-0.4573962330307531,0.00738345671206441,-0.9354143466934854,-0.453905442524948,-0.22941573387056183,4.358898943540674,-0.06468462273531511,-0.5516772843673705,-0.09166984970282112,-0.11250879009260241,-0.06468462273531508,-0.9276125895432155,-0.4869429145822492,-0.2932112731099079,3.621829242085211,-0.4472135954999579,-0.16012815380508713,-0.06468462273531508
39,-0.5151283251772442,-0.5986189958129169,-0.4576210055900725,0.061614698495174064,-0.9354143466934854,-0.453905442524948,-0.22941573387056183,4.358898943540674,-0.06468462273531511,-0.5516772843673705,-0.09166984970282112,-0.11250879009260241,-0.06468462273531508,-0.9276125895432155,-0.4869429145822492,-0.2932112731099079,3.621829242085211,-0.4472135954999579,-0.16012815380508713,-0.06468462273531508
40,-0.6998646877168475,0.5183327128548586,-0.4227231280612554,-1.0762899536556876,1.0690449676496976,-0.453905442524948,-0.22941573387056183,-0.22941573387056183,-0.06468462273531511,-0.5516772843673705,-0.09166984970282112,-0.11250879009260241,-0.06468462273531508,1.0780362527123855,-0.4869429145822492,-0.2932112731099079,-0.276103574508738,-0.4472135954999579,-0.16012815380508713,-0.06468462273531508
41,-0.748225541283433,1.3002021106774855,-0.41497235015368916,-1.0068359071615296,1.0690449676496976,-0.453905442524948,-0.22941573387056183,-0.22941573387056183,-0.06468462273531511,-0.5516772843673705,-0.09166984970282112,-0.11250879009260241,-0.06468462273531508,1.0780362527123855,-0.4869429145822492,-0.2932112731099079,-0.276103574508738,-0.4472135954999579,-0.16012815380508713,-0.06468462273531508
42,-0.7581914438622305,0.2390936422039204,-0.2890222091557373,-0.9897102518616002,1.0690449676496976,-0.453905442524948,-0.22941573387056183,-0.22941573387056183,-0.06468462273531511,-0.5516772843673705,-0.09166984970282112,-0.11250879009260241,-0.06468462273531508,1.0780362527123855,-0.4869429145822492,-0.2932112731099079,-0.276103574508738,-0.4472135954999579,-0.16012815380508713,-0.06468462273531508
43,-0.7655347404992391,0.49040880578976476,-0.42659851701503854,-1.1038812871944625,1.0690449676496976,-0.453905442524948,-0.22941573387056183,-0.22941573387056183,-0.06468462273531511,-0.5516772843673705,-0.09166984970282112,-0.11250879009260241,-0.06468462273531508,1.0780362527123855,-0.4869429145822492,-0.2932112731099079,-0.276103574508738,-0.4472135954999579,-0.16012815380508713,-0.06468462273531508
44,-0.7856763541321772,0.9651152258963597,-0.411096961199906,-0.9878074012727193,1.0690449676496976,-0.453905442524948,-0.22941573387056183,-0.22941573387056183,-0.06468462273531511,-0.5516772843673705,-0.09166984970282112,-0.11250879009260241,-0.06468462273531508,1.0780362527123855,-0.4869429145822492,-0.2932112731099079,-0.276103574508738,-0.4472135954999579,-0.16012815380508713,-0.06468462273531508
45,-0.7235730454306183,1.18850648241711,-0.40334618329233973,-1.0448929189391503,1.0690449676496976,-0.453905442524948,-0.22941573387056183,-0.22941573387056183,-0.06468462273531511,-0.5516772843673705,-0.09166984970282112,-0.11250879009260241,-0.06468462273531508,1.0780362527123855,-0.4869429145822492,-0.2932112731099079,-0.276103574508738,-0.4472135954999579,-0.16012815380508713,-0.06468462273531508
46,-0.726195651372407,0.08830454405241378,-0.3723430716620747,-1.0620185742390797,1.0690449676496976,-0.453905442524948,-0.22941573387056183,-0.22941573387056183,-0.06468462273531511,-0.5516772843673705,-0.09166984970282112,-0.11250879009260241,-0.06468462273531508,1.0780362527123855,-0.4869429145822492,-0.2932112731099079,-0.276103574508738,-0.4472135954999579,-0.16012815380508713,-0.06468462273531508
47,-0.7263005556100787,0.5183327128548586,-0.2870845146788457,-0.9154990788952397,1.0690449676496976,-0.453905442524948,-0.22941573387056183,-0.22941573387056183,-0.06468462273531511,-0.5516772843673705,-0.09166984970282112,-0.11250879009260241,-0.06468462273531508,1.0780362527123855,-0.4869429145822492,-0.2932112731099079,-0.276103574508738,-0.4472135954999579,-0.16012815380508713,-0.06468462273531508
48,-0.7209504394888294,0.42897621024655835,-0.2967729870633036,-1.0582128730613176,1.0690449676496976,-0.453905442524948,-0.22941573387056183,-0.22941573387056183,-0.06468462273531511,-0.5516772843673705,-0.09166984970282112,-0.11250879009260241,-0.06468462273531508,1.0780362527123855,-0.4869429145822492,-0.2932112731099079,-0.276103574508738,-0.4472135954999579,-0.16012815380508713,-0.06468462273531508
49,2.4392897203666792,0.6300283411152339,-0.40915926672301445,-0.9973216542171244,-0.9354143466934854,-0.453905442524948,-0.22941573387056183,-0.22941573387056183,-0.06468462273531511,1.8126539343499315,-0.09166984970282112,-0.11250879009260241,-0.06468462273531508,-0.9276125895432155,2.053628813672964,-0.2932112731099079,-0.276103574508738,-0.4472135954999579,-0.16012815380508713,-0.06468462273531508
50,-0.735112511574489,0.909267411766172,2.485756281752986,-1.311292001382496,1.0690449676496976,-0.453905442524948,-0.22941573387056183,-0.22941573387056183,-0.06468462273531511,-0.5516772843673705,-0.09166984970282112,-0.11250879009260241,-0.06468462273531508,1.0780362527123855,-0.4869429145822492,-0.2932112731099079,-0.276103574508738,-0.4472135954999579,-0.16012815380508713,-0.06468462273531508
51,-0.7078374097798854,0.981869570135416,1.9819557177611788,-1.142889724266524,1.0690449676496976,-0.453905442524948,-0.22941573387056183,-0.22941573387056183,-0.06468462273531511,-0.5516772843673705,-0.09166984970282112,-0.11250879009260241,-0.06468462273531508,1.0780362527123855,-0.4869429145822492,-0.2932112731099079,-0.276103574508738,-0.4472135954999579,-0.16012815380508713,-0.06468462273531508
52,-0.6990254538154751,0.9204369745922095,1.8327532430405282,-1.2922634954936854,1.0690449676496976,-0.453905442524948,-0.22941573387056183,-0.22941573387056183,-0.06468462273531511,-0.5516772843673705,-0.09166984970282112,-0.11250879009260241,-0.06468462273531508,1.0780362527123855,-0.4869429145822492,-0.2932112731099079,-0.276103574508738,-0.4472135954999579,-0.16012815380508713,-0.06468462273531508
53,-0.707942314017557,2.4730062074114256,2.7337811747951064,-1.1828495866330258,-0.9354143466934854,-0.453905442524948,-0.22941573387056183,-0.22941573387056183,-0.06468462273531511,-0.5516772843673705,10.908712114635714,-0.11250879009260241,-0.06468462273531508,1.0780362527123855,-0.4869429145822492,-0.2932112731099079,-0.276103574508738,-0.4472135954999579,-0.16012815380508713,-0.06468462273531508
54,-0.7183278335470407,1.1326586682869226,2.105968164282239,-1.1581125289775722,1.0690449676496976,-0.453905442524948,-0.22941573387056183,-0.22941573387056183,-0.06468462273531511,-0.5516772843673705,-0.09166984970282112,-0.11250879009260241,-0.06468462273531508,1.0780362527123855,-0.4869429145822492,-0.2932112731099079,-0.276103574508738,-0.4472135954999579,-0.16012815380508713,-0.06468462273531508
55,-0.7393086810813511,0.8701739418750407,2.1544105262045283,-1.534876945576018,1.0690449676496976,-0.453905442524948,-0.22941573387056183,-0.22941573387056183,-0.06468462273531511,-0.5516772843673705,-0.09166984970282112,-0.11250879009260241,-0.06468462273531508,1.0780362527123855,-0.4869429145822492,-0.2932112731099079,-0.276103574508738,-0.4472135954999579,-0.16012815380508713,-0.06468462273531508
56,-0.7172787911703251,1.428652083176917,2.782223536717396,-1.551051175581507,1.0690449676496976,-0.453905442524948,-0.22941573387056183,-0.22941573387056183,-0.06468462273531511,-0.5516772843673705,-0.09166984970282112,-0.11250879009260241,-0.06468462273531508,1.0780362527123855,-0.4869429145822492,-0.2932112731099079,-0.276103574508738,-0.4472135954999579,-0.16012815380508713,-0.06468462273531508
57,-0.7393086810813511,0.3731283961163707,2.0284603852065763,-1.4901599567373136,1.0690449676496976,-0.453905442524948,-0.22941573387056183,-0.22941573387056183,-0.06468462273531511,-0.5516772843673705,-0.09166984970282112,-0.11250879009260241,-0.06468462273531508,1.0780362527123855,-0.4869429145822492,-0.2932112731099079,-0.276103574508738,-0.4472135954999579,-0.16012815380508713,-0.06468462273531508
58,-0.7076276013045424,0.5685957455720274,1.390958902309251,-1.4863542555595515,1.0690449676496976,-0.453905442524948,-0.22941573387056183,-0.22941573387056183,-0.06468462273531511,-0.5516772843673705,-0.09166984970282112,-0.11250879009260241,-0.06468462273531508,1.0780362527123855,-0.4869429145822492,-0.2932112731099079,-0.276103574508738,-0.4472135954999579,-0.16012815380508713,-0.06468462273531508
59,-0.7303918208792691,0.49040880578976476,2.5361363381521667,-1.4977713590928377,1.0690449676496976,-0.453905442524948,-0.22941573387056183,-0.22941573387056183,-0.06468462273531511,-0.5516772843673705,-0.09166984970282112,-0.11250879009260241,-0.06468462273531508,1.0780362527123855,-0.4869429145822492,-0.2932112731099079,-0.276103574508738,-0.4472135954999579,-0.16012815380508713,-0.06468462273531508
60,-0.7507432429875502,-0.5986235384741182,-0.45942887453701237,1.1272110282685561,1.0690449676496976,-0.453905442524948,-0.22941573387056183,-0.22941573387056183,-0.06468462273531511,-0.5516772843673705,-0.09166984970282112,-0.11250879009260241,-0.06468462273531508,1.0780362527123855,-0.4869429145822492,-0.2932112731099079,-0.276103574508738,-0.4472135954999579,-0.16012815380508713,-0.06468462273531508
61,-0.741196957359439,-0.5986235660070905,-0.4591711611715858,1.1947622241738332,1.0690449676496976,-0.453905442524948,-0.22941573387056183,-0.22941573387056183,-0.06468462273531511,-0.5516772843673705,-0.09166984970282112,-0.11250879009260241,-0.06468462273531508,1.0780362527123855,-0.4869429145822492,-0.2932112731099079,-0.276103574508738,-0.4472135954999579,-0.16012815380508713,-0.06468462273531508
62,-0.7882989600739659,-0.5986235684085466,-0.45935717984136737,1.1138910741463888,1.0690449676496976,-0.453905442524948,-0.22941573387056183,-0.22941573387056183,-0.06468462273531511,-0.5516772843673705,-0.09166984970282112,-0.11250879009260241,-0.06468462273531508,1.0780362527123855,-0.4869429145822492,-0.2932112731099079,-0.276103574508738,-0.4472135954999579,-0.16012815380508713,-0.06468462273531508
63,-0.8038247872493557,-0.5986235678500684,-0.45936144276921653,1.196665074762714,1.0690449676496976,-0.453905442524948,-0.22941573387056183,-0.22941573387056183,-0.06468462273531511,-0.5516772843673705,-0.09166984970282112,-0.11250879009260241,-0.06468462273531508,1.0780362527123855,-0.4869429145822492,-0.2932112731099079,-0.276103574508738,-0.4472135954999579,-0.16012815380508713,-0.06468462273531508
64,-0.7933343634822004,-0.5986235689670247,-0.45931455056287573,1.3802901565897345,1.0690449676496976,-0.453905442524948,-0.22941573387056183,-0.22941573387056183,-0.06468462273531511,-0.5516772843673705,-0.09166984970282112,-0.11250879009260241,-0.06468462273531508,1.0780362527123855,-0.4869429145822492,-0.2932112731099079,-0.276103574508738,-0.4472135954999579,-0.16012815380508713,-0.06468462273531508
65,-0.7555688379204417,-0.5986235642758083,-0.4592835474512455,1.212839304768203,1.0690449676496976,-0.453905442524948,-0.22941573387056183,-0.22941573387056183,-0.06468462273531511,-0.5516772843673705,-0.09166984970282112,-0.11250879009260241,-0.06468462273531508,1.0780362527123855,-0.4869429145822492,-0.2932112731099079,-0.276103574508738,-0.4472135954999579,-0.16012815380508713,-0.06468462273531508
66,-0.7922853211054849,-0.5986235679617641,-0.4593591175358443,1.3279617653955058,1.0690449676496976,-0.453905442524948,-0.22941573387056183,-0.22941573387056183,-0.06468462273531511,-0.5516772843673705,-0.09166984970282112,-0.11250879009260241,-0.06468462273531508,1.0780362527123855,-0.4869429145822492,-0.2932112731099079,-0.276103574508738,-0.4472135954999579,-0.16012815380508713,-0.06468462273531508
67,-0.8057130635274437,-0.5986235642758083,-0.45936279915535033,1.1481423847462475,1.0690449676496976,-0.453905442524948,-0.22941573387056183,-0.22941573387056183,-0.06468462273531511,-0.5516772843673705,-0.09166984970282112,-0.11250879009260241,-0.06468462273531508,1.0780362527123855,-0.4869429145822492,-0.2932112731099079,-0.276103574508738,-0.4472135954999579,-0.16012815380508713,-0.06468462273531508
68,-0.8102239457473204,-0.5986235677383728,-0.459310675173922,1.2375763624236564,1.0690449676496976,-0.453905442524948,-0.22941573387056183,-0.22941573387056183,-0.06468462273531511,-0.5516772843673705,-0.09166984970282112,-0.11250879009260241,-0.06468462273531508,1.0780362527123855,-0.4869429145822492,-0.2932112731099079,-0.276103574508738,-0.4472135954999579,-0.16012815380508713,-0.06468462273531508
69,-0.8000482346931798,-0.5986235657278515,-0.4593067997849682,1.4316671224895223,1.0690449676496976,-0.453905442524948,-0.22941573387056183,-0.22941573387056183,-0.06468462273531511,-0.5516772843673705,-0.09166984970282112,-0.11250879009260241,-0.06468462273531508,1.0780362527123855,-0.4869429145822492,-0.2932112731099079,-0.276103574508738,-0.4472135954999579,-0.16012815380508713,-0.06468462273531508
70,-0.7503236260368641,-0.5986234524684845,-0.4590103325300038,0.7533008875534319,1.0690449676496976,-0.453905442524948,-0.22941573387056183,-0.22941573387056183,-0.06468462273531511,-0.5516772843673705,-0.09166984970282112,-0.11250879009260241,-0.06468462273531508,1.0780362527123855,-0.4869429145822492,-0.2932112731099079,-0.276103574508738,-0.4472135954999579,-0.16012815380508713,-0.06468462273531508
71,-0.7228387157669174,-0.5986234468837031,-0.4588029992209764,0.5458901733653985,1.0690449676496976,-0.453905442524948,-0.22941573387056183,-0.22941573387056183,-0.06468462273531511,-0.5516772843673705,-0.09166984970282112,-0.11250879009260241,-0.06468462273531508,1.0780362527123855,-0.4869429145822492,-0.2932112731099079,-0.276103574508738,-0.4472135954999579,-0.16012815380508713,-0.06468462273531508
72,-0.7546246997813977,-0.5986235222782521,-0.4591905381163547,0.8389291640530786,1.0690449676496976,-0.453905442524948,-0.22941573387056183,-0.22941573387056183,-0.06468462273531511,-0.5516772843673705,-0.09166984970282112,-0.11250879009260241,-0.06468462273531508,1.0780362527123855,-0.4869429145822492,-0.2932112731099079,-0.276103574508738,-0.4472135954999579,-0.16012815380508713,-0.06468462273531508
73,-0.7707799523828167,-0.5986235206028176,-0.4588611300552831,0.7190495769535731,1.0690449676496976,-0.453905442524948,-0.22941573387056183,-0.22941573387056183,-0.06468462273531511,-0.5516772843673705,-0.09166984970282112,-0.11250879009260241,-0.06468462273531508,1.0780362527123855,-0.4869429145822492,-0.2932112731099079,-0.276103574508738,-0.4472135954999579,-0.16012815380508713,-0.06468462273531508
74,-0.7288182573141959,-0.5986235474097684,-0.45897545402941975,0.6191499210373187,1.0690449676496976,-0.453905442524948,-0.22941573387056183,-0.22941573387056183,-0.06468462273531511,-0.5516772843673705,-0.09166984970282112,-0.11250879009260241,-0.06468462273531508,1.0780362527123855,-0.4869429145822492,-0.2932112731099079,-0.276103574508738,-0.4472135954999579,-0.16012815380508713,-0.06468462273531508
75,-0.7676328252526702,-0.5986235641641127,-0.4588611300552831,0.7019239216536438,1.0690449676496976,-0.453905442524948,-0.22941573387056183,-0.22941573387056183,-0.06468462273531511,-0.5516772843673705,-0.09166984970282112,-0.11250879009260241,-0.06468462273531508,1.0780362527123855,-0.4869429145822492,-0.2932112731099079,-0.276103574508738,-0.4472135954999579,-0.16012815380508713,-0.06468462273531508
76,-0.7980550541774203,-0.5986235507606373,-0.4590742764477412,0.8636662217085322,1.0690449676496976,-0.453905442524948,-0.22941573387056183,-0.22941573387056183,-0.06468462273531511,-0.5516772843673705,-0.09166984970282112,-0.11250879009260241,-0.06468462273531508,1.0780362527123855,-0.4869429145822492,-0.2932112731099079,-0.276103574508738,-0.4472135954999579,-0.16012815380508713,-0.06468462273531508
77,-0.7506383387498787,-0.598623561371722,-0.45894445091778946,0.7123895998924894,1.0690449676496976,-0.453905442524948,-0.22941573387056183,-0.22941573387056183,-0.06468462273531511,-0.5516772843673705,-0.09166984970282112,-0.11250879009260241,-0.06468462273531508,1.0780362527123855,-0.4869429145822492,-0.2932112731099079,-0.276103574508738,-0.4472135954999579,-0.16012815380508713,-0.06468462273531508
78,-0.8262742941110678,-0.5986235663980253,-0.45934942906345977,0.8018235775698984,1.0690449676496976,-0.453905442524948,-0.22941573387056183,-0.22941573387056183,-0.06468462273531511,-0.5516772843673705,-0.09166984970282112,-0.11250879009260241,-0.06468462273531508,1.0780362527123855,-0.4869429145822492,-0.2932112731099079,-0.276103574508738,-0.4472135954999579,-0.16012815380508713,-0.06468462273531508
79,-0.7699407184814443,-0.5986235622094391,-0.45922735431141565,0.9131403370194392,1.0690449676496976,-0.453905442524948,-0.22941573387056183,-0.22941573387056183,-0.06468462273531511,-0.5516772843673705,-0.09166984970282112,-0.11250879009260241,-0.06468462273531508,1.0780362527123855,-0.4869429145822492,-0.2932112731099079,-0.276103574508738,-0.4472135954999579,-0.16012815380508713,-0.06468462273531508
80,-0.3564082135801857,-0.5986235681293075,-0.45951607078847245,0.9236060152582849,-0.9354143466934854,-0.453905442524948,-0.22941573387056183,4.358898943540674,-0.06468462273531511,-0.5516772843673705,-0.09166984970282112,-0.11250879009260241,-0.06468462273531508,-0.9276125895432155,-0.4869429145822492,-0.2932112731099079,3.621829242085211,-0.4472135954999579,-0.16012815380508713,-0.06468462273531508
81,0.008029108090786462,-0.5986235689670247,-0.45952149633300776,0.7266609793090972,-0.9354143466934854,-0.453905442524948,4.358898943540674,-0.22941573387056183,-0.06468462273531511,-0.5516772843673705,-0.09166984970282112,-0.11250879009260241,-0.06468462273531508,-0.9276125895432155,-0.4869429145822492,-0.2932112731099079,3.621829242085211,-0.4472135954999579,-0.16012815380508713,-0.06468462273531508
82,-0.16443345864124528,-0.5986235666214165,-0.4595209150246647,0.8941118311306288,-0.9354143466934854,-0.453905442524948,4.358898943540674,-0.22941573387056183,-0.06468462273531511,-0.5516772843673705,-0.09166984970282112,-0.11250879009260241,-0.06468462273531508,-0.9276125895432155,-0.4869429145822492,3.4105100714362973,-0.276103574508738,-0.4472135954999579,-0.16012815380508713,-0.06468462273531508
83,0.703124586902491,-0.5986235642758083,-0.45951025770504184,0.7675722669700396,-0.9354143466934854,2.203102025913772,-0.22941573387056183,-0.22941573387056183,-0.06468462273531511,-0.5516772843673705,-0.09166984970282112,-0.11250879009260241,-0.06468462273531508,-0.9276125895432155,2.053628813672964,-0.2932112731099079,-0.276103574508738,-0.4472135954999579,-0.16012815380508713,-0.06468462273531508
84,0.37792145012067935,-0.5986235660070905,-0.45952207764135083,0.7409323587257051,-0.9354143466934854,2.203102025913772,-0.22941573387056183,-0.22941573387056183,-0.06468462273531511,-0.5516772843673705,-0.09166984970282112,-0.11250879009260241,-0.06468462273531508,-0.9276125895432155,2.053628813672964,-0.2932112731099079,-0.276103574508738,-0.4472135954999579,-0.16012815380508713,-0.06468462273531508
85,-0.08627980157593892,-0.5986235672357424,-0.4595182022523971,0.9131403370194392,-0.9354143466934854,2.203102025913772,-0.22941573387056183,-0.22941573387056183,-0.06468462273531511,-0.5516772843673705,-0.09166984970282112,-0.11250879009260241,-0.06468462273531508,-0.9276125895432155,-0.4869429145822492,3.4105100714362973,-0.276103574508738,-0.4472135954999579,-0.16012815380508713,-0.06468462273531508
86,0.15867159338713535,-0.5986235653927646,-0.45952149633300776,0.7371266575479432,-0.9354143466934854,2.203102025913772,-0.22941573387056183,-0.22941573387056183,-0.06468462273531511,-0.5516772843673705,-0.09166984970282112,-0.11250879009260241,-0.06468462273531508,-0.9276125895432155,2.053628813672964,-0.2932112731099079,-0.276103574508738,-0.4472135954999579,-0.16012815380508713,-0.06468462273531508
87,0.05062022858543663,-0.5986235656161558,-0.4595224651802462,0.6476926798705341,-0.9354143466934854,2.203102025913772,-0.22941573387056183,-0.22941573387056183,-0.06468462273531511,-0.5516772843673705,-0.09166984970282112,-0.11250879009260241,-0.06468462273531508,-0.9276125895432155,2.053628813672964,-0.2932112731099079,-0.276103574508738,-0.4472135954999579,-0.16012815380508713,-0.06468462273531508
88,0.33805783980548954,-0.5986235687436334,-0.4595220388874613,0.8170463822809467,-0.9354143466934854,-0.453905442524948,4.358898943540674,-0.22941573387056183,-0.06468462273531511,-0.5516772843673705,-0.09166984970282112,-0.11250879009260241,-0.06468462273531508,-0.9276125895432155,-0.4869429145822492,-0.2932112731099079,3.621829242085211,-0.4472135954999579,-0.16012815380508713,-0.06468462273531508
89,0.9821698591088198,-0.5986235636056346,-0.45951393932454787,0.661964059287142,-0.9354143466934854,-0.453905442524948,-0.22941573387056183,-0.22941573387056183,-0.06468462273531511,1.8126539343499315,-0.09166984970282112,-0.11250879009260241,-0.06468462273531508,-0.9276125895432155,2.053628813672964,-0.2932112731099079,-0.276103574508738,-0.4472135954999579,-0.16012815380508713,-0.06468462273531508
90,-0.5452358413889796,-0.5986202747278605,-0.45777602114822386,0.10538026203943797,-0.9354143466934854,-0.453905442524948,-0.22941573387056183,4.358898943540674,-0.06468462273531511,-0.5516772843673705,-0.09166984970282112,-0.11250879009260241,-0.06468462273531508,-0.9276125895432155,-0.4869429145822492,-0.2932112731099079,3.621829242085211,-0.4472135954999579,-0.16012815380508713,-0.06468462273531508
91,-0.626431721346761,-0.5986227152773379,-0.45786321739968394,0.20204507195459476,-0.9354143466934854,-0.453905442524948,-0.22941573387056183,-0.22941573387056183,-0.06468462273531511,-0.5516772843673705,-0.09166984970282112,8.88819441731559,-0.06468462273531508,-0.9276125895432155,-0.4869429145822492,-0.2932112731099079,-0.276103574508738,-0.4472135954999579,6.244997998398398,-0.06468462273531508
92,-0.6735337240612879,-0.598623095042474,-0.4579988560130664,0.1755954487691483,-0.9354143466934854,-0.453905442524948,-0.22941573387056183,-0.22941573387056183,-0.06468462273531511,-0.5516772843673705,-0.09166984970282112,8.88819441731559,-0.06468462273531508,-0.9276125895432155,-0.4869429145822492,-0.2932112731099079,-0.276103574508738,-0.4472135954999579,6.244997998398398,-0.06468462273531508
93,-0.5788051974438763,-0.5986215759819297,-0.45734972836330773,0.037829066134161066,-0.9354143466934854,-0.453905442524948,-0.22941573387056183,-0.22941573387056183,-0.06468462273531511,-0.5516772843673705,-0.09166984970282112,8.88819441731559,-0.06468462273531508,-0.9276125895432155,-0.4869429145822492,-0.2932112731099079,-0.276103574508738,-0.4472135954999579,6.244997998398398,-0.06468462273531508
94,-0.15394303487409006,-0.5983722545853083,-0.45444318664797034,-0.278995556914532,-0.9354143466934854,2.203102025913772,-0.22941573387056183,-0.22941573387056183,-0.06468462273531511,-0.5516772843673705,-0.09166984970282112,-0.11250879009260241,-0.06468462273531508,-0.9276125895432155,-0.4869429145822492,3.4105100714362973,-0.276103574508738,-0.4472135954999579,-0.16012815380508713,-0.06468462273531508
95,0.07894437275675571,-0.5948705966393455,-0.44601421567349203,-0.6357800423297268,-0.9354143466934854,2.203102025913772,-0.22941573387056183,-0.22941573387056183,-0.06468462273531511,-0.5516772843673705,-0.09166984970282112,-0.11250879009260241,-0.06468462273531508,-0.9276125895432155,-0.4869429145822492,3.4105100714362973,-0.276103574508738,-0.4472135954999579,-0.16012815380508713,-0.06468462273531508
96,-0.5649578380712315,-0.5986200513366039,-0.4578419027604381,0.02831481318975582,-0.9354143466934854,-0.453905442524948,-0.22941573387056183,-0.22941573387056183,-0.06468462273531511,-0.5516772843673705,-0.09166984970282112,-0.11250879009260241,15.459624833740305,-0.9276125895432155,-0.4869429145822492,-0.2932112731099079,-0.276103574508738,-0.4472135954999579,6.244997998398398,-0.06468462273531508
97,-0.2913675862238234,-0.598579338280103,-0.45694281252316044,-0.18480445276492058,-0.9354143466934854,-0.453905442524948,-0.22941573387056183,4.358898943540674,-0.06468462273531511,-0.5516772843673705,-0.09166984970282112,-0.11250879009260241,-0.06468462273531508,-0.9276125895432155,-0.4869429145822492,-0.2932112731099079,3.621829242085211,-0.4472135954999579,-0.16012815380508713,-0.06468462273531508
98,0.16790316630223195,-0.5947756553553242,-0.4459560848391853,-0.4150493740195264,-0.9354143466934854,2.203102025913772,-0.22941573387056183,-0.22941573387056183,-0.06468462273531511,-0.5516772843673705,-0.09166984970282112,-0.11250879009260241,-0.06468462273531508,-0.9276125895432155,-0.4869429145822492,3.4105100714362973,-0.276103574508738,-0.4472135954999579,-0.16012815380508713,-0.06468462273531508
99,2.686653912796199,0.5071631500288211,-0.4397748394579012,-0.835579354162236,-0.9354143466934854,-0.453905442524948,-0.22941573387056183,-0.22941573387056183,-0.06468462273531511,1.8126539343499315,-0.09166984970282112,-0.11250879009260241,-0.06468462273531508,-0.9276125895432155,-0.4869429145822492,-0.2932112731099079,-0.276103574508738,2.23606797749979,-0.16012815380508713,-0.06468462273531508
100,2.3920828134144805,0.7417239693756091,-0.4362869893994964,-1.0353786659947453,-0.9354143466934854,-0.453905442524948,-0.22941573387056183,-0.22941573387056183,-0.06468462273531511,1.8126539343499315,-0.09166984970282112,-0.11250879009260241,-0.06468462273531508,-0.9276125895432155,2.053628813672964,-0.2932112731099079,-0.276103574508738,-0.4472135954999579,-0.16012815380508713,-0.06468462273531508
101,3.09494120581388,3.9418037190353603,-0.43241160044571325,-1.0096901830448513,-0.9354143466934854,-0.453905442524948,-0.22941573387056183,-0.22941573387056183,-0.06468462273531511,1.8126539343499315,-0.09166984970282112,-0.11250879009260241,-0.06468462273531508,-0.9276125895432155,-0.4869429145822492,-0.2932112731099079,-0.276103574508738,2.23606797749979,-0.16012815380508713,-0.06468462273531508
102,1.3115691653974935,0.11064366970448884,-0.3897823219540988,-0.9649731942061467,-0.9354143466934854,-0.453905442524948,-0.22941573387056183,-0.22941573387056183,-0.06468462273531511,1.8126539343499315,-0.09166984970282112,-0.11250879009260241,-0.06468462273531508,-0.9276125895432155,-0.4869429145822492,-0.2932112731099079,-0.276103574508738,2.23606797749979,-0.16012815380508713,-0.06468462273531508
103,0.6947322478887669,0.7138000623105153,-0.29871068154019514,-1.0724842524779254,-0.9354143466934854,-0.453905442524948,-0.22941573387056183,-0.22941573387056183,-0.06468462273531511,1.8126539343499315,-0.09166984970282112,-0.11250879009260241,-0.06468462273531508,-0.9276125895432155,-0.4869429145822492,-0.2932112731099079,-0.276103574508738,2.23606797749979,-0.16012815380508713,-0.06468462273531508
104,0.06278912015533669,0.026871948509207388,-0.4362869893994964,-0.9792445736227545,-0.9354143466934854,-0.453905442524948,-0.22941573387056183,-0.22941573387056183,-0.06468462273531511,1.8126539343499315,-0.09166984970282112,-0.11250879009260241,-0.06468462273531508,-0.9276125895432155,-0.4869429145822492,-0.2932112731099079,-0.276103574508738,2.23606797749979,-0.16012815380508713,-0.06468462273531508
105,0.3931325645830544,0.6914609366584402,-0.37815615509274936,-0.9992245048060056,-0.9354143466934854,-0.453905442524948,-0.22941573387056183,-0.22941573387056183,-0.06468462273531511,1.8126539343499315,-0.09166984970282112,-0.11250879009260241,-0.06468462273531508,-0.9276125895432155,-0.4869429145822492,-0.2932112731099079,-0.276103574508738,2.23606797749979,-0.16012815380508713,-0.06468462273531508
106,1.4825630728021235,1.428652083176917,-0.33746457107802647,-0.9716331712672304,-0.9354143466934854,-0.453905442524948,-0.22941573387056183,-0.22941573387056183,-0.06468462273531511,1.8126539343499315,-0.09166984970282112,-0.11250879009260241,-0.06468462273531508,-0.9276125895432155,-0.4869429145822492,-0.2932112731099079,-0.276103574508738,2.23606797749979,-0.16012815380508713,-0.06468462273531508
107,0.2513020352511159,0.42897621024655835,-0.3897823219540988,-1.020155861283697,-0.9354143466934854,-0.453905442524948,-0.22941573387056183,-0.22941573387056183,-0.06468462273531511,1.8126539343499315,-0.09166984970282112,-0.11250879009260241,-0.06468462273531508,-0.9276125895432155,-0.4869429145822492,-0.2932112731099079,-0.276103574508738,2.23606797749979,-0.16012815380508713,-0.06468462273531508
108,1.4526653650657313,0.19441539089977028,-0.3490907379393759,-1.0106416083392917,-0.9354143466934854,-0.453905442524948,-0.22941573387056183,-0.22941573387056183,-0.06468462273531511,1.8126539343499315,-0.09166984970282112,-0.11250879009260241,-0.06468462273531508,-0.9276125895432155,-0.4869429145822492,-0.2932112731099079,-0.276103574508738,2.23606797749979,-0.16012815380508713,-0.06468462273531508
109,2.4047762261727383,1.3672194876337107,-0.3297137931704602,-0.9678274700894682,-0.9354143466934854,-0.453905442524948,-0.22941573387056183,-0.22941573387056183,-0.06468462273531511,1.8126539343499315,-0.09166984970282112,-0.11250879009260241,-0.06468462273531508,-0.9276125895432155,-0.4869429145822492,-0.2932112731099079,-0.276103574508738,2.23606797749979,-0.16012815380508713,-0.06468462273531508
110,-0.7383645429423071,-0.040145428447017774,2.0381488575910343,-1.4349772896597635,1.0690449676496976,-0.453905442524948,-0.22941573387056183,-0.22941573387056183,-0.06468462273531511,-0.5516772843673705,-0.09166984970282112,-0.11250879009260241,-0.06468462273531508,1.0780362527123855,-0.4869429145822492,-0.2932112731099079,-0.276103574508738,-0.4472135954999579,-0.16012815380508713,-0.06468462273531508
111,-0.7230485242422605,0.10505888829147007,1.7184292689039258,-1.4454429678986092,1.0690449676496976,-0.453905442524948,-0.22941573387056183,-0.22941573387056183,-0.06468462273531511,-0.5516772843673705,-0.09166984970282112,-0.11250879009260241,-0.06468462273531508,1.0780362527123855,-0.4869429145822492,-0.2932112731099079,-0.276103574508738,-0.4472135954999579,-0.16012815380508713,-0.06468462273531508
112,-0.721999481865545,0.5183327128548586,2.7085911465955164,-1.4949170832095162,1.0690449676496976,-0.453905442524948,-0.22941573387056183,-0.22941573387056183,-0.06468462273531511,-0.5516772843673705,-0.09166984970282112,-0.11250879009260241,-0.06468462273531508,1.0780362527123855,-0.4869429145822492,-0.2932112731099079,-0.276103574508738,-0.4472135954999579,-0.16012815380508713,-0.06468462273531508
113,-0.7446587972026003,0.05479585557430121,2.419874669538673,-1.4559086461374549,1.0690449676496976,-0.453905442524948,-0.22941573387056183,-0.22941573387056183,-0.06468462273531511,-0.5516772843673705,-0.09166984970282112,-0.11250879009260241,-0.06468462273531508,1.0780362527123855,-0.4869429145822492,-0.2932112731099079,-0.276103574508738,-0.4472135954999579,-0.16012815380508713,-0.06468462273531508
114,-0.7225240030539027,0.13856757676958265,2.4896316707067694,-1.4502000943708118,1.0690449676496976,-0.453905442524948,-0.22941573387056183,-0.22941573387056183,-0.06468462273531511,-0.5516772843673705,-0.09166984970282112,-0.11250879009260241,-0.06468462273531508,1.0780362527123855,-0.4869429145822492,-0.2932112731099079,-0.276103574508738,-0.4472135954999579,-0.16012815380508713,-0.06468462273531508
115,-0.7285035446011813,0.2111697351388266,2.105968164282239,-1.4663743243763006,1.0690449676496976,-0.453905442524948,-0.22941573387056183,-0.22941573387056183,-0.06468462273531511,-0.5516772843673705,-0.09166984970282112,-0.11250879009260241,-0.06468462273531508,1.0780362527123855,-0.4869429145822492,-0.2932112731099079,-0.276103574508738,-0.4472135954999579,-0.16012815380508713,-0.06468462273531508
116,-0.6800377867969242,0.9762847887223972,2.512884004429468,-1.5006256349761593,1.0690449676496976,-0.453905442524948,-0.22941573387056183,-0.22941573387056183,-0.06468462273531511,-0.5516772843673705,-0.09166984970282112,-0.11250879009260241,-0.06468462273531508,-0.9276125895432155,-0.4869429145822492,-0.2932112731099079,-0.276103574508738,-0.4472135954999579,6.244997998398398,-0.06468462273531508
117,-0.7209504394888294,-0.18534974518550562,1.2378810386348171,-1.3921631514099402,1.0690449676496976,-0.453905442524948,-0.22941573387056183,-0.22941573387056183,-0.06468462273531511,-0.5516772843673705,-0.09166984970282112,-0.11250879009260241,-0.06468462273531508,1.0780362527123855,-0.4869429145822492,-0.2932112731099079,-0.276103574508738,-0.4472135954999579,-0.16012815380508713,-0.06468462273531508
118,-0.3826342729980738,0.6802913738324027,2.3830584744777332,-1.3750374961100107,1.0690449676496976,-0.453905442524948,-0.22941573387056183,-0.22941573387056183,-0.06468462273531511,-0.5516772843673705,-0.09166984970282112,-0.11250879009260241,-0.06468462273531508,-0.9276125895432155,-0.4869429145822492,-0.2932112731099079,-0.276103574508738,-0.4472135954999579,-0.16012815380508713,15.459624833740305
119,-0.7046902826497389,0.5183327128548586,2.105968164282239,-1.4349772896597635,1.0690449676496976,-0.453905442524948,-0.22941573387056183,-0.22941573387056183,-0.06468462273531511,-0.5516772843673705,-0.09166984970282112,-0.11250879009260241,-0.06468462273531508,1.0780362527123855,-0.4869429145822492,-0.2932112731099079,-0.276103574508738,-0.4472135954999579,-0.16012815380508713,-0.06468462273531508
120,-0.7526315192656382,-0.5986235673474382,-0.4593626053859027,1.2156935806515246,1.0690449676496976,-0.453905442524948,-0.22941573387056183,-0.22941573387056183,-0.06468462273531511,-0.5516772843673705,-0.09166984970282112,-0.11250879009260241,-0.06468462273531508,1.0780362527123855,-0.4869429145822492,-0.2932112731099079,-0.276103574508738,-0.4472135954999579,-0.16012815380508713,-0.06468462273531508
121,-0.7308114378299554,-0.5986235645550474,-0.45935020414125055,1.4801898125059891,1.0690449676496976,-0.453905442524948,-0.22941573387056183,-0.22941573387056183,-0.06468462273531511,-0.5516772843673705,-0.09166984970282112,-0.11250879009260241,-0.06468462273531508,1.0780362527123855,-0.4869429145822492,-0.2932112731099079,-0.276103574508738,-0.4472135954999579,-0.16012815380508713,-0.06468462273531508
122,-0.7636464642211512,-0.5986235667331122,-0.4593261767297371,1.487801214861513,1.0690449676496976,-0.453905442524948,-0.22941573387056183,-0.22941573387056183,-0.06468462273531511,-0.5516772843673705,-0.09166984970282112,-0.11250879009260241,-0.06468462273531508,1.0780362527123855,-0.4869429145822492,-0.2932112731099079,-0.276103574508738,-0.4472135954999579,-0.16012815380508713,-0.06468462273531508
123,-0.771199569333503,-0.5986235689111769,-0.4593587299969489,1.1928593735849522,1.0690449676496976,-0.453905442524948,-0.22941573387056183,-0.22941573387056183,-0.06468462273531511,-0.5516772843673705,-0.09166984970282112,-0.11250879009260241,-0.06468462273531508,1.0780362527123855,-0.4869429145822492,-0.2932112731099079,-0.276103574508738,-0.4472135954999579,-0.16012815380508713,-0.06468462273531508
124,-0.7329095225833864,-0.598623566174634,-0.45932811442421395,1.2118878794737624,1.0690449676496976,-0.453905442524948,-0.22941573387056183,-0.22941573387056183,-0.06468462273531511,-0.5516772843673705,-0.09166984970282112,-0.11250879009260241,-0.06468462273531508,1.0780362527123855,-0.4869429145822492,-0.2932112731099079,-0.276103574508738,-0.4472135954999579,-0.16012815380508713,-0.06468462273531508
125,-0.7629121345574503,-0.5986235655044603,-0.45930486209049126,1.4506956283783328,1.0690449676496976,-0.453905442524948,-0.22941573387056183,-0.22941573387056183,-0.06468462273531511,-0.5516772843673705,-0.09166984970282112,-0.11250879009260241,-0.06468462273531508,1.0780362527123855,-0.4869429145822492,-0.2932112731099079,-0.276103574508738,-0.4472135954999579,-0.16012815380508713,-0.06468462273531508
126,-0.7933343634822004,-0.5986235648901342,-0.4593587299969489,1.1890536724071898,1.0690449676496976,-0.453905442524948,-0.22941573387056183,-0.22941573387056183,-0.06468462273531511,-0.5516772843673705,-0.09166984970282112,-0.11250879009260241,-0.06468462273531508,1.0780362527123855,-0.4869429145822492,-0.2932112731099079,-0.276103574508738,-0.4472135954999579,-0.16012815380508713,-0.06468462273531508
127,-0.8010972770698953,-0.5986235686877857,-0.4593651243887226,1.172879442401701,1.0690449676496976,-0.453905442524948,-0.22941573387056183,-0.22941573387056183,-0.06468462273531511,-0.5516772843673705,-0.09166984970282112,-0.11250879009260241,-0.06468462273531508,1.0780362527123855,-0.4869429145822492,-0.2932112731099079,-0.276103574508738,-0.4472135954999579,-0.16012815380508713,-0.06468462273531508
128,-0.8016217982582531,-0.59862356474493,-0.45938779541410224,1.444035651317249,1.0690449676496976,-0.453905442524948,-0.22941573387056183,-0.22941573387056183,-0.06468462273531511,-0.5516772843673705,-0.09166984970282112,-0.11250879009260241,-0.06468462273531508,1.0780362527123855,-0.4869429145822492,-0.2932112731099079,-0.276103574508738,-0.4472135954999579,-0.16012815380508713,-0.06468462273531508
129,-0.8147348279671971,-0.5986235673083447,-0.45937345647497324,1.3041761330344928,1.0690449676496976,-0.453905442524948,-0.22941573387056183,-0.22941573387056183,-0.06468462273531511,-0.5516772843673705,-0.09166984970282112,-0.11250879009260241,-0.06468462273531508,1.0780362527123855,-0.4869429145822492,-0.2932112731099079,-0.276103574508738,-0.4472135954999579,-0.16012815380508713,-0.06468462273531508
130,-0.7765496854547521,-0.5986235686877857,-0.45858597743956453,0.6172470704484375,1.0690449676496976,-0.453905442524948,-0.22941573387056183,-0.22941573387056183,-0.06468462273531511,-0.5516772843673705,-0.09166984970282112,-0.11250879009260241,-0.06468462273531508,1.0780362527123855,-0.4869429145822492,-0.2932112731099079,-0.276103574508738,-0.4472135954999579,-0.16012815380508713,-0.06468462273531508
131,-0.7228387157669174,-0.5986235684643944,-0.4588029992209764,0.56682152984309,1.0690449676496976,-0.453905442524948,-0.22941573387056183,-0.22941573387056183,-0.06468462273531511,-0.5516772843673705,-0.09166984970282112,-0.11250879009260241,-0.06468462273531508,1.0780362527123855,-0.4869429145822492,-0.2932112731099079,-0.276103574508738,-0.4472135954999579,-0.16012815380508713,-0.06468462273531508
132,-0.7760251642663943,-0.5986235250706428,-0.4589386378343588,0.6457898292816532,1.0690449676496976,-0.453905442524948,-0.22941573387056183,-0.22941573387056183,-0.06468462273531511,-0.5516772843673705,-0.09166984970282112,-0.11250879009260241,-0.06468462273531508,1.0780362527123855,-0.4869429145822492,-0.2932112731099079,-0.276103574508738,-0.4472135954999579,-0.16012815380508713,-0.06468462273531508
133,-0.7876695346479367,-0.5986235211612958,-0.458880507000052,0.8313177616975544,1.0690449676496976,-0.453905442524948,-0.22941573387056183,-0.22941573387056183,-0.06468462273531511,-0.5516772843673705,-0.09166984970282112,-0.11250879009260241,-0.06468462273531508,1.0780362527123855,-0.4869429145822492,-0.2932112731099079,-0.276103574508738,-0.4472135954999579,-0.16012815380508713,-0.06468462273531508
134,-0.7296574912155683,-0.5986235647225908,-0.4583379525465224,0.9369259693804523,1.0690449676496976,-0.453905442524948,-0.22941573387056183,-0.22941573387056183,-0.06468462273531511,-0.5516772843673705,-0.09166984970282112,-0.11250879009260241,-0.06468462273531508,1.0780362527123855,-0.4869429145822492,-0.2932112731099079,-0.276103574508738,-0.4472135954999579,-0.16012815380508713,-0.06468462273531508
135,-0.7610238582793624,-0.5986235569038969,-0.45812480615406437,0.9864000846913592,1.0690449676496976,-0.453905442524948,-0.22941573387056183,-0.22941573387056183,-0.06468462273531511,-0.5516772843673705,-0.09166984970282112,-0.11250879009260241,-0.06468462273531508,1.0780362527123855,-0.4869429145822492,-0.2932112731099079,-0.276103574508738,-0.4472135954999579,-0.16012815380508713,-0.06468462273531508
136,-0.7769693024054383,-0.5986235245121646,-0.4590742764477412,0.6705268869371066,1.0690449676496976,-0.453905442524948,-0.22941573387056183,-0.22941573387056183,-0.06468462273531511,-0.5516772843673705,-0.09166984970282112,-0.11250879009260241,-0.06468462273531508,1.0780362527123855,-0.4869429145822492,-0.2932112731099079,-0.276103574508738,-0.4472135954999579,-0.16012815380508713,-0.06468462273531508
137,-0.7237828539059614,-0.5986235636056346,-0.4584542142151359,0.9397802452637737,1.0690449676496976,-0.453905442524948,-0.22941573387056183,-0.22941573387056183,-0.06468462273531511,-0.5516772843673705,-0.09166984970282112,-0.11250879009260241,-0.06468462273531508,1.0780362527123855,-0.4869429145822492,-0.2932112731099079,-0.276103574508738,-0.4472135954999579,-0.16012815380508713,-0.06468462273531508
138,-0.7525266150279667,-0.5986235507606373,-0.458880507000052,0.7466409104923483,1.0690449676496976,-0.453905442524948,-0.22941573387056183,-0.22941573387056183,-0.06468462273531511,-0.5516772843673705,-0.09166984970282112,-0.11250879009260241,-0.06468462273531508,1.0780362527123855,-0.4869429145822492,-0.2932112731099079,-0.276103574508738,-0.4472135954999579,-0.16012815380508713,-0.06468462273531508
139,-0.7297623954532398,-0.5986235624886782,-0.45904327333611095,0.9464402223248574,1.0690449676496976,-0.453905442524948,-0.22941573387056183,-0.22941573387056183,-0.06468462273531511,-0.5516772843673705,-0.09166984970282112,-0.11250879009260241,-0.06468462273531508,1.0780362527123855,-0.4869429145822492,-0.2932112731099079,-0.276103574508738,-0.4472135954999579,-0.16012815380508713,-0.06468462273531508
140,0.3065865685040239,-0.5986235664538732,-0.4595203143393769,0.883646152891783,-0.9354143466934854,2.203102025913772,-0.22941573387056183,-0.22941573387056183,-0.06468462273531511,-0.5516772843673705,-0.09166984970282112,-0.11250879009260241,-0.06468462273531508,-0.9276125895432155,2.053628813672964,-0.2932112731099079,-0.276103574508738,-0.4472135954999579,-0.16012815380508713,-0.06468462273531508
141,1.1038587748078204,-0.598623561371722,-0.45951762094405396,0.6790897145870713,-0.9354143466934854,-0.453905442524948,-0.22941573387056183,-0.22941573387056183,-0.06468462273531511,1.8126539343499315,-0.09166984970282112,-0.11250879009260241,-0.06468462273531508,-0.9276125895432155,2.053628813672964,-0.2932112731099079,-0.276103574508738,-0.4472135954999579,-0.16012815380508713,-0.06468462273531508
142,0.8174702059644829,-0.5986235624886782,-0.45952122505578097,0.7989693016865768,-0.9354143466934854,-0.453905442524948,-0.22941573387056183,-0.22941573387056183,-0.06468462273531511,1.8126539343499315,-0.09166984970282112,-0.11250879009260241,-0.06468462273531508,-0.9276125895432155,2.053628813672964,-0.2932112731099079,-0.276103574508738,-0.4472135954999579,-0.16012815380508713,-0.06468462273531508
143,0.42198122994273124,-0.5986235651693733,-0.4595204887318798,0.7171467263646921,-0.9354143466934854,2.203102025913772,-0.22941573387056183,-0.22941573387056183,-0.06468462273531511,-0.5516772843673705,-0.09166984970282112,-0.11250879009260241,-0.06468462273531508,-0.9276125895432155,2.053628813672964,-0.2932112731099079,-0.276103574508738,-0.4472135954999579,-0.16012815380508713,-0.06468462273531508
144,0.14713212724326463,-0.5986235660070905,-0.45952192262579267,0.6657697604649041,-0.9354143466934854,2.203102025913772,-0.22941573387056183,-0.22941573387056183,-0.06468462273531511,-0.5516772843673705,-0.09166984970282112,-0.11250879009260241,-0.06468462273531508,-0.9276125895432155,2.053628813672964,-0.2932112731099079,-0.276103574508738,-0.4472135954999579,-0.16012815380508713,-0.06468462273531508
145,-0.1650628840672746,-0.5986235681851554,-0.45952229078774326,0.9978171882246454,-0.9354143466934854,2.203102025913772,-0.22941573387056183,-0.22941573387056183,-0.06468462273531511,-0.5516772843673705,-0.09166984970282112,-0.11250879009260241,-0.06468462273531508,-0.9276125895432155,-0.4869429145822492,3.4105100714362973,-0.276103574508738,-0.4472135954999579,-0.16012815380508713,-0.06468462273531508
146,0.2532952157668754,-0.5986235657836994,-0.45952101190938854,0.8037264281587794,-0.9354143466934854,2.203102025913772,-0.22941573387056183,-0.22941573387056183,-0.06468462273531511,-0.5516772843673705,-0.09166984970282112,-0.11250879009260241,-0.06468462273531508,-0.9276125895432155,2.053628813672964,-0.2932112731099079,-0.276103574508738,-0.4472135954999579,-0.16012815380508713,-0.06468462273531508
147,0.4442209283291003,-0.5986235691345682,-0.4595220388874613,0.8094349799254226,-0.9354143466934854,-0.453905442524948,4.358898943540674,-0.22941573387056183,-0.06468462273531511,-0.5516772843673705,-0.09166984970282112,-0.11250879009260241,-0.06468462273531508,-0.9276125895432155,-0.4869429145822492,-0.2932112731099079,3.621829242085211,-0.4472135954999579,-0.16012815380508713,-0.06468462273531508
148,-0.2910528735108087,-0.5986235689670247,-0.45952231016468803,0.9921086364580024,-0.9354143466934854,-0.453905442524948,4.358898943540674,-0.22941573387056183,-0.06468462273531511,-0.5516772843673705,-0.09166984970282112,-0.11250879009260241,-0.06468462273531508,-0.9276125895432155,-0.4869429145822492,3.4105100714362973,-0.276103574508738,-0.4472135954999579,-0.16012815380508713,-0.06468462273531508
149,0.26084832087922716,-0.5986235648342865,-0.45952002368520534,0.6514983810482963,-0.9354143466934854,2.203102025913772,-0.22941573387056183,-0.22941573387056183,-0.06468462273531511,-0.5516772843673705,-0.09166984970282112,-0.11250879009260241,-0.06468462273531508,-0.9276125895432155,2.053628813672964,-0.2932112731099079,-0.276103574508738,-0.4472135954999579,-0.16012815380508713,-0.06468462273531508
150,1.9997409645228754,0.45131533589863343,-0.44787440237130793,-0.7984737676790558,-0.9354143466934854,2.203102025913772,-0.22941573387056183,-0.22941573387056183,-0.06468462273531511,-0.5516772843673705,-0.09166984970282112,-0.11250879009260241,-0.06468462273531508,-0.9276125895432155,2.053628813672964,-0.2932112731099079,-0.276103574508738,-0.4472135954999579,-0.16012815380508713,-0.06468462273531508
151,-0.162859895076172,-0.5984113480551994,-0.45472027695816586,-0.40553512107512113,-0.9354143466934854,2.203102025913772,-0.22941573387056183,-0.22941573387056183,-0.06468462273531511,-0.5516772843673705,-0.09166984970282112,-0.11250879009260241,-0.06468462273531508,-0.9276125895432155,-0.4869429145822492,3.4105100714362973,-0.276103574508738,-0.4472135954999579,-0.16012815380508713,-0.06468462273531508
152,0.37372528061381727,-0.5925249884458776,-0.4484072683524531,-0.6110429846742734,-0.9354143466934854,2.203102025913772,-0.22941573387056183,-0.22941573387056183,-0.06468462273531511,-0.5516772843673705,-0.09166984970282112,-0.11250879009260241,-0.06468462273531508,-0.9276125895432155,-0.4869429145822492,3.4105100714362973,-0.276103574508738,-0.4472135954999579,-0.16012815380508713,-0.06468462273531508
153,0.6181521543885338,-0.5914862191030561,-0.44853321849345107,-0.7328254223626599,-0.9354143466934854,2.203102025913772,-0.22941573387056183,-0.22941573387056183,-0.06468462273531511,-0.5516772843673705,-0.09166984970282112,-0.11250879009260241,-0.06468462273531508,-0.9276125895432155,2.053628813672964,-0.2932112731099079,-0.276103574508738,-0.4472135954999579,-0.16012815380508713,-0.06468462273531508
154,1.5287209373776065,-0.517644239260122,-0.4480681718189971,-0.7956194917957343,-0.9354143466934854,2.203102025913772,-0.22941573387056183,-0.22941573387056183,-0.06468462273531511,-0.5516772843673705,-0.09166984970282112,-0.11250879009260241,-0.06468462273531508,-0.9276125895432155,2.053628813672964,-0.2932112731099079,-0.276103574508738,-0.4472135954999579,-0.16012815380508713,-0.06468462273531508
155,1.9095233201253405,-0.504855089824309,-0.44713807847008913,-0.8060851700345799,-0.9354143466934854,2.203102025913772,-0.22941573387056183,-0.22941573387056183,-0.06468462273531511,-0.5516772843673705,-0.09166984970282112,-0.11250879009260241,-0.06468462273531508,-0.9276125895432155,2.053628813672964,-0.2932112731099079,-0.276103574508738,-0.4472135954999579,-0.16012815380508713,-0.06468462273531508
156,1.6409684716861672,-0.5175325436318616,-0.44890138044406047,-0.778493836495805,-0.9354143466934854,2.203102025913772,-0.22941573387056183,-0.22941573387056183,-0.06468462273531511,-0.5516772843673705,-0.09166984970282112,-0.11250879009260241,-0.06468462273531508,-0.9276125895432155,2.053628813672964,-0.2932112731099079,-0.276103574508738,-0.4472135954999579,-0.16012815380508713,-0.06468462273531508
157,1.0094449609034233,-0.5722634014794455,-0.4464017545688703,-0.7404368247181842,-0.9354143466934854,2.203102025913772,-0.22941573387056183,-0.22941573387056183,-0.06468462273531511,-0.5516772843673705,-0.09166984970282112,-0.11250879009260241,-0.06468462273531508,-0.9276125895432155,2.053628813672964,-0.2932112731099079,-0.276103574508738,-0.4472135954999579,-0.16012815380508713,-0.06468462273531508
158,0.26493958614841767,-0.5930499578987014,-0.44750624042069853,-0.5482489152411991,-0.9354143466934854,2.203102025913772,-0.22941573387056183,-0.22941573387056183,-0.06468462273531511,-0.5516772843673705,-0.09166984970282112,-0.11250879009260241,-0.06468462273531508,-0.9276125895432155,-0.4869429145822492,3.4105100714362973,-0.276103574508738,-0.4472135954999579,-0.16012815380508713,-0.06468462273531508
159,2.8641518829364654,0.534528578952613,-0.446246739010719,-0.8508021588732843,-0.9354143466934854,-0.453905442524948,-0.22941573387056183,-0.22941573387056183,-0.06468462273531511,1.8126539343499315,-0.09166984970282112,-0.11250879009260241,-0.06468462273531508,-0.9276125895432155,-0.4869429145822492,-0.2932112731099079,-0.276103574508738,2.23606797749979,-0.16012815380508713,-0.06468462273531508
160,1.5622902934325031,0.6467826853542902,-0.3490907379393759,-0.980195998917195,-0.9354143466934854,-0.453905442524948,-0.22941573387056183,-0.22941573387056183,-0.06468462273531511,1.8126539343499315,-0.09166984970282112,-0.11250879009260241,-0.06468462273531508,-0.9276125895432155,-0.4869429145822492,-0.2932112731099079,-0.276103574508738,2.23606797749979,-0.16012815380508713,-0.06468462273531508
161,0.11219901609863775,0.8031565649188155,-0.3897823219540988,-1.011117320986512,-0.9354143466934854,-0.453905442524948,-0.22941573387056183,-0.22941573387056183,-0.06468462273531511,1.8126539343499315,-0.09166984970282112,-0.11250879009260241,-0.06468462273531508,-0.9276125895432155,-0.4869429145822492,-0.2932112731099079,-0.276103574508738,2.23606797749979,-0.16012815380508713,-0.06468462273531508
162,0.22843291143871755,1.9256976289355867,-0.29871068154019514,-0.9516532400839796,-0.9354143466934854,-0.453905442524948,-0.22941573387056183,-0.22941573387056183,-0.06468462273531511,1.8126539343499315,-0.09166984970282112,-0.11250879009260241,-0.06468462273531508,-0.9276125895432155,-0.4869429145822492,-0.2932112731099079,-0.276103574508738,2.23606797749979,-0.16012815380508713,-0.06468462273531508
163,-0.497819125961438,0.7696478764407029,-0.2715829588637132,-1.047747194822472,-0.9354143466934854,-0.453905442524948,-0.22941573387056183,-0.22941573387056183,-0.06468462273531511,1.8126539343499315,-0.09166984970282112,-0.11250879009260241,-0.06468462273531508,-0.9276125895432155,-0.4869429145822492,-0.2932112731099079,-0.276103574508738,2.23606797749979,-0.16012815380508713,-0.06468462273531508
164,-0.16474817135425993,0.7361391879625904,-0.39172001643099036,-1.115298390727749,-0.9354143466934854,-0.453905442524948,-0.22941573387056183,-0.22941573387056183,-0.06468462273531511,1.8126539343499315,-0.09166984970282112,-0.11250879009260241,-0.06468462273531508,-0.9276125895432155,-0.4869429145822492,-0.2932112731099079,-0.276103574508738,2.23606797749979,-0.16012815380508713,-0.06468462273531508
165,-0.3373156423239632,0.1329827953565639,-0.4130346556767976,-1.1038812871944625,-0.9354143466934854,-0.453905442524948,-0.22941573387056183,-0.22941573387056183,-0.06468462273531511,1.8126539343499315,-0.09166984970282112,-0.11250879009260241,-0.06468462273531508,-0.9276125895432155,-0.4869429145822492,-0.2932112731099079,-0.276103574508738,2.23606797749979,-0.16012815380508713,-0.06468462273531508
166,0.9887788260821275,0.2502632050299579,-0.3180876263091108,-0.9583132171450632,-0.9354143466934854,-0.453905442524948,-0.22941573387056183,-0.22941573387056183,-0.06468462273531511,1.8126539343499315,-0.09166984970282112,-0.11250879009260241,-0.06468462273531508,-0.9276125895432155,-0.4869429145822492,-0.2932112731099079,-0.276103574508738,2.23606797749979,-0.16012815380508713,-0.06468462273531508
167,1.665411159063639,0.5071631500288211,-0.3839692385234241,-0.9716331712672304,-0.9354143466934854,-0.453905442524948,-0.22941573387056183,-0.22941573387056183,-0.06468462273531511,1.8126539343499315,-0.09166984970282112,-0.11250879009260241,-0.06468462273531508,-0.9276125895432155,-0.4869429145822492,-0.2932112731099079,-0.276103574508738,2.23606797749979,-0.16012815380508713,-0.06468462273531508
168,0.7223220623963851,1.3163979767752398,-0.40140848881544816,-0.9963702289226839,-0.9354143466934854,-0.453905442524948,-0.22941573387056183,-0.22941573387056183,-0.06468462273531511,1.8126539343499315,-0.09166984970282112,-0.11250879009260241,-0.06468462273531508,-0.9276125895432155,-0.4869429145822492,-0.2932112731099079,-0.276103574508738,2.23606797749979,-0.16012815380508713,-0.06468462273531508
169,-0.11796088135274768,1.7722278357058312,-0.4130346556767976,-0.9868559759782787,-0.9354143466934854,-0.453905442524948,-0.22941573387056183,-0.22941573387056183,-0.06468462273531511,1.8126539343499315,-0.09166984970282112,-0.11250879009260241,-0.06468462273531508,-0.9276125895432155,-0.4869429145822492,-0.2932112731099079,-0.276103574508738,2.23606797749979,-0.16012815380508713,-0.06468462273531508
170,-0.7267201725607648,1.18850648241711,2.4082485026773233,-1.1381325977943213,1.0690449676496976,-0.453905442524948,-0.22941573387056183,-0.22941573387056183,-0.06468462273531511,-0.5516772843673705,-0.09166984970282112,-0.11250879009260241,-0.06468462273531508,1.0780362527123855,-0.4869429145822492,-0.2932112731099079,-0.276103574508738,-0.4472135954999579,-0.16012815380508713,-0.06468462273531508
171,-0.7340634691977734,0.17207626524769523,2.291986834063829,-1.1952181154607524,1.0690449676496976,-0.453905442524948,-0.22941573387056183,-0.22941573387056183,-0.06468462273531511,-0.5516772843673705,-0.09166984970282112,-0.11250879009260241,-0.06468462273531508,1.0780362527123855,-0.4869429145822492,-0.2932112731099079,-0.276103574508738,-0.4472135954999579,-0.16012815380508713,-0.06468462273531508
172,-0.6515038341502619,2.9197887204529267,2.088528913990215,-1.2922634954936854,-0.9354143466934854,-0.453905442524948,-0.22941573387056183,-0.22941573387056183,-0.06468462273531511,-0.5516772843673705,10.908712114635714,-0.11250879009260241,-0.06468462273531508,-0.9276125895432155,-0.4869429145822492,-0.2932112731099079,-0.276103574508738,-0.4472135954999579,6.244997998398398,-0.06468462273531508
173,1.62628187841215,1.166167356765035,2.7938497035787453,-1.2827492425492804,-0.9354143466934854,-0.453905442524948,-0.22941573387056183,-0.22941573387056183,-0.06468462273531511,1.8126539343499315,-0.09166984970282112,-0.11250879009260241,-0.06468462273531508,-0.9276125895432155,2.053628813672964,-0.2932112731099079,-0.276103574508738,-0.4472135954999579,-0.16012815380508713,-0.06468462273531508
174,-0.7235730454306183,0.7417239693756091,1.8463171043787692,-1.1676267819219774,1.0690449676496976,-0.453905442524948,-0.22941573387056183,-0.22941573387056183,-0.06468462273531511,-0.5516772843673705,-0.09166984970282112,-0.11250879009260241,-0.06468462273531508,1.0780362527123855,-0.4869429145822492,-0.2932112731099079,-0.276103574508738,-0.4472135954999579,-0.16012815380508713,-0.06468462273531508
175,-0.7221043861032166,0.2111697351388266,2.549700199490408,-1.1505011266220482,1.0690449676496976,-0.453905442524948,-0.22941573387056183,-0.22941573387056183,-0.06468462273531511,-0.5516772843673705,-0.09166984970282112,-0.11250879009260241,-0.06468462273531508,1.0780362527123855,-0.4869429145822492,-0.2932112731099079,-0.276103574508738,-0.4472135954999579,-0.16012815380508713,-0.06468462273531508
176,0.7870479770397327,0.5183327128548586,1.565351405229492,-1.2066352189940388,-0.9354143466934854,-0.453905442524948,-0.22941573387056183,-0.22941573387056183,-0.06468462273531511,1.8126539343499315,-0.09166984970282112,-0.11250879009260241,-0.06468462273531508,-0.9276125895432155,-0.4869429145822492,-0.2932112731099079,-0.276103574508738,2.23606797749979,-0.16012815380508713,-0.06468462273531508
177,0.05271831333886768,0.35078927046429564,2.987619151267902,-1.358863266104522,-0.9354143466934854,2.203102025913772,-0.22941573387056183,-0.22941573387056183,-0.06468462273531511,-0.5516772843673705,-0.09166984970282112,-0.11250879009260241,-0.06468462273531508,-0.9276125895432155,2.053628813672964,-0.2932112731099079,-0.276103574508738,-0.4472135954999579,-0.16012815380508713,-0.06468462273531508
178,0.16811297477757506,0.0715501998133575,0.9140922915462364,-1.1628696554497748,-0.9354143466934854,2.203102025913772,-0.22941573387056183,-0.22941573387056183,-0.06468462273531511,-0.5516772843673705,-0.09166984970282112,-0.11250879009260241,-0.06468462273531508,-0.9276125895432155,2.053628813672964,-0.2932112731099079,-0.276103574508738,-0.4472135954999579,-0.16012815380508713,-0.06468462273531508
179,1.4678764795281063,0.7891387635721384,1.738775060911287,-1.2009266672273957,-0.9354143466934854,2.203102025913772,-0.22941573387056183,-0.22941573387056183,-0.06468462273531511,-0.5516772843673705,-0.09166984970282112,-0.11250879009260241,-0.06468462273531508,-0.9276125895432155,2.053628813672964,-0.2932112731099079,-0.276103574508738,-0.4472135954999579,-0.16012815380508713,-0.06468462273531508
180,-0.8042444042000418,-0.5986235684588096,-0.4593620240775596,1.1253081776796752,1.0690449676496976,-0.453905442524948,-0.22941573387056183,-0.22941573387056183,-0.06468462273531511,-0.5516772843673705,-0.09166984970282112,-0.11250879009260241,-0.06468462273531508,1.0780362527123855,-0.4869429145822492,-0.2932112731099079,-0.276103574508738,-0.4472135954999579,-0.16012815380508713,-0.06468462273531508
181,-0.795537352473303,-0.598623566224897,-0.45931455056287573,1.3327188918677084,1.0690449676496976,-0.453905442524948,-0.22941573387056183,-0.22941573387056183,-0.06468462273531511,-0.5516772843673705,-0.09166984970282112,-0.11250879009260241,-0.06468462273531508,1.0780362527123855,-0.4869429145822492,-0.2932112731099079,-0.276103574508738,-0.4472135954999579,-0.16012815380508713,-0.06468462273531508
182,-0.7425607124491692,-0.5986235683806227,-0.45929517361810684,1.2537505924291452,1.0690449676496976,-0.453905442524948,-0.22941573387056183,-0.22941573387056183,-0.06468462273531511,-0.5516772843673705,-0.09166984970282112,-0.11250879009260241,-0.06468462273531508,1.0780362527123855,-0.4869429145822492,-0.2932112731099079,-0.276103574508738,-0.4472135954999579,-0.16012815380508713,-0.06468462273531508
183,-0.7636464642211512,-0.598623567224573,-0.45934807267732597,1.2328192359514538,1.0690449676496976,-0.453905442524948,-0.22941573387056183,-0.22941573387056183,-0.06468462273531511,-0.5516772843673705,-0.09166984970282112,-0.11250879009260241,-0.06468462273531508,1.0780362527123855,-0.4869429145822492,-0.2932112731099079,-0.276103574508738,-0.4472135954999579,-0.16012815380508713,-0.06468462273531508
184,-0.7389939683683364,-0.5986235662807449,-0.45938953933913146,1.208082178296,1.0690449676496976,-0.453905442524948,-0.22941573387056183,-0.22941573387056183,-0.06468462273531511,-0.5516772843673705,-0.09166984970282112,-0.11250879009260241,-0.06468462273531508,1.0780362527123855,-0.4869429145822492,-0.2932112731099079,-0.276103574508738,-0.4472135954999579,-0.16012815380508713,-0.06468462273531508
185,-0.7981599584150919,-0.598623567783051,-0.4593507854495936,1.1938107988793925,1.0690449676496976,-0.453905442524948,-0.22941573387056183,-0.22941573387056183,-0.06468462273531511,-0.5516772843673705,-0.09166984970282112,-0.11250879009260241,-0.06468462273531508,1.0780362527123855,-0.4869429145822492,-0.2932112731099079,-0.276103574508738,-0.4472135954999579,-0.16012815380508713,-0.06468462273531508
186,-0.7898725236390393,-0.5986235671743099,-0.45930873747944506,1.2432849141902995,1.0690449676496976,-0.453905442524948,-0.22941573387056183,-0.22941573387056183,-0.06468462273531511,-0.5516772843673705,-0.09166984970282112,-0.11250879009260241,-0.06468462273531508,1.0780362527123855,-0.4869429145822492,-0.2932112731099079,-0.276103574508738,-0.4472135954999579,-0.16012815380508713,-0.06468462273531508
187,-0.7357419370005184,-0.5986235666716795,-0.4593459412134014,1.1690737412239391,1.0690449676496976,-0.453905442524948,-0.22941573387056183,-0.22941573387056183,-0.06468462273531511,-0.5516772843673705,-0.09166984970282112,-0.11250879009260241,-0.06468462273531508,1.0780362527123855,-0.4869429145822492,-0.2932112731099079,-0.276103574508738,-0.4472135954999579,-0.16012815380508713,-0.06468462273531508
188,-0.8098043287966341,-0.5986235650074146,-0.45932230134078333,1.4335699730784035,1.0690449676496976,-0.453905442524948,-0.22941573387056183,-0.22941573387056183,-0.06468462273531511,-0.5516772843673705,-0.09166984970282112,-0.11250879009260241,-0.06468462273531508,1.0780362527123855,-0.4869429145822492,-0.2932112731099079,-0.276103574508738,-0.4472135954999579,-0.16012815380508713,-0.06468462273531508
189,-0.7316506717313278,-0.5986235644042583,-0.45928936053467617,1.1386281318018425,1.0690449676496976,-0.453905442524948,-0.22941573387056183,-0.22941573387056183,-0.06468462273531511,-0.5516772843673705,-0.09166984970282112,-0.11250879009260241,-0.06468462273531508,1.0780362527123855,-0.4869429145822492,-0.2932112731099079,-0.276103574508738,-0.4472135954999579,-0.16012815380508713,-0.06468462273531508
190,-0.7380498302292925,-0.5986235401495525,-0.4592525443396152,0.6743325881148688,1.0690449676496976,-0.453905442524948,-0.22941573387056183,-0.22941573387056183,-0.06468462273531511,-0.5516772843673705,-0.09166984970282112,-0.11250879009260241,-0.06468462273531508,1.0780362527123855,-0.4869429145822492,-0.2932112731099079,-0.276103574508738,-0.4472135954999579,-0.16012815380508713,-0.06468462273531508
191,-0.7595551989519607,-0.5986235563454188,-0.45864798366282505,0.6039271163262703,1.0690449676496976,-0.453905442524948,-0.22941573387056183,-0.22941573387056183,-0.06468462273531511,-0.5516772843673705,-0.09166984970282112,-0.11250879009260241,-0.06468462273531508,1.0780362527123855,-0.4869429145822492,-0.2932112731099079,-0.276103574508738,-0.4472135954999579,-0.16012815380508713,-0.06468462273531508
192,-0.7871450134595789,-0.598623529538468,-0.4589967686686655,0.8627147964140915,1.0690449676496976,-0.453905442524948,-0.22941573387056183,-0.22941573387056183,-0.06468462273531511,-0.5516772843673705,-0.09166984970282112,-0.11250879009260241,-0.06468462273531508,1.0780362527123855,-0.4869429145822492,-0.2932112731099079,-0.276103574508738,-0.4472135954999579,-0.16012815380508713,-0.06468462273531508
193,-0.7642758896471805,-0.5986235608132439,-0.4588068746099302,0.8060098488654368,1.0690449676496976,-0.453905442524948,-0.22941573387056183,-0.22941573387056183,-0.06468462273531511,-0.5516772843673705,-0.09166984970282112,-0.11250879009260241,-0.06468462273531508,1.0780362527123855,-0.4869429145822492,-0.2932112731099079,-0.276103574508738,-0.4472135954999579,-0.16012815380508713,-0.06468462273531508
194,-0.7316506717313278,-0.5986235395910745,-0.45892119858406677,0.7656694163811586,1.0690449676496976,-0.453905442524948,-0.22941573387056183,-0.22941573387056183,-0.06468462273531511,-0.5516772843673705,-0.09166984970282112,-0.11250879009260241,-0.06468462273531508,1.0780362527123855,-0.4869429145822492,-0.2932112731099079,-0.276103574508738,-0.4472135954999579,-0.16012815380508713,-0.06468462273531508
195,-0.7237828539059614,-0.5986235546699843,-0.4582410678226778,0.8833607253034509,1.0690449676496976,-0.453905442524948,-0.22941573387056183,-0.22941573387056183,-0.06468462273531511,-0.5516772843673705,-0.09166984970282112,-0.11250879009260241,-0.06468462273531508,1.0780362527123855,-0.4869429145822492,-0.2932112731099079,-0.276103574508738,-0.4472135954999579,-0.16012815380508713,-0.06468462273531508
196,-0.7716191862841891,-0.5986235623769827,-0.45903939794715715,0.9264602911416064,1.0690449676496976,-0.453905442524948,-0.22941573387056183,-0.22941573387056183,-0.06468462273531511,-0.5516772843673705,-0.09166984970282112,-0.11250879009260241,-0.06468462273531508,1.0780362527123855,-0.4869429145822492,-0.2932112731099079,-0.276103574508738,-0.4472135954999579,-0.16012815380508713,-0.06468462273531508
197,-0.7344830861484597,-0.5986235627679174,-0.45888825777795955,1.004477165285729,1.0690449676496976,-0.453905442524948,-0.22941573387056183,-0.22941573387056183,-0.06468462273531511,-0.5516772843673705,-0.09166984970282112,-0.11250879009260241,-0.06468462273531508,1.0780362527123855,-0.4869429145822492,-0.2932112731099079,-0.276103574508738,-0.4472135954999579,-0.16012815380508713,-0.06468462273531508
198,-0.7525266150279667,-0.5986235334478149,-0.45862666902357924,0.7989693016865768,1.0690449676496976,-0.453905442524948,-0.22941573387056183,-0.22941573387056183,-0.06468462273531511,-0.5516772843673705,-0.09166984970282112,-0.11250879009260241,-0.06468462273531508,1.0780362527123855,-0.4869429145822492,-0.2932112731099079,-0.276103574508738,-0.4472135954999579,-0.16012815380508713,-0.06468462273531508
199,-0.7379449259916209,-0.5986235546699843,-0.45823137935029334,0.9888737904569045,1.0690449676496976,-0.453905442524948,-0.22941573387056183,-0.22941573387056183,-0.06468462273531511,-0.5516772843673705,-0.09166984970282112,-0.11250879009260241,-0.06468462273531508,1.0780362527123855,-0.4869429145822492,-0.2932112731099079,-0.276103574508738,-0.4472135954999579,-0.16012815380508713,-0.06468462273531508
200,0.6601138494571547,-0.5986235619302002,-0.4595158770190248,0.8075321293365414,-0.9354143466934854,-0.453905442524948,-0.22941573387056183,-0.22941573387056183,-0.06468462273531511,1.8126539343499315,-0.09166984970282112,-0.11250879009260241,-0.06468462273531508,-0.9276125895432155,2.053628813672964,-0.2932112731099079,-0.276103574508738,-0.4472135954999579,-0.16012815380508713,-0.06468462273531508
201,0.5436701456417318,-0.5986235629354607,-0.4595172334051586,0.7171467263646921,-0.9354143466934854,-0.453905442524948,-0.22941573387056183,-0.22941573387056183,-0.06468462273531511,1.8126539343499315,-0.09166984970282112,-0.11250879009260241,-0.06468462273531508,-0.9276125895432155,2.053628813672964,-0.2932112731099079,-0.276103574508738,-0.4472135954999579,-0.16012815380508713,-0.06468462273531508
202,0.47044698774698834,-0.598623563158852,-0.4595174271746063,0.7466409104923483,-0.9354143466934854,-0.453905442524948,-0.22941573387056183,-0.22941573387056183,-0.06468462273531511,1.8126539343499315,-0.09166984970282112,-0.11250879009260241,-0.06468462273531508,-0.9276125895432155,2.053628813672964,-0.2932112731099079,-0.276103574508738,-0.4472135954999579,-0.16012815380508713,-0.06468462273531508
203,0.2981942294902997,-0.5986235636614824,-0.45951684586626323,0.810386405219863,-0.9354143466934854,-0.453905442524948,-0.22941573387056183,-0.22941573387056183,-0.06468462273531511,1.8126539343499315,-0.09166984970282112,-0.11250879009260241,-0.06468462273531508,-0.9276125895432155,2.053628813672964,-0.2932112731099079,-0.276103574508738,-0.4472135954999579,-0.16012815380508713,-0.06468462273531508
204,0.8227154178480605,-0.598623562265287,-0.45951529571068167,0.6505469557538558,-0.9354143466934854,-0.453905442524948,-0.22941573387056183,-0.22941573387056183,-0.06468462273531511,1.8126539343499315,-0.09166984970282112,-0.11250879009260241,-0.06468462273531508,-0.9276125895432155,2.053628813672964,-0.2932112731099079,-0.276103574508738,-0.4472135954999579,-0.16012815380508713,-0.06468462273531508
205,0.9884641133691129,-0.598623561036635,-0.45951180786062334,0.661964059287142,-0.9354143466934854,-0.453905442524948,-0.22941573387056183,-0.22941573387056183,-0.06468462273531511,1.8126539343499315,-0.09166984970282112,-0.11250879009260241,-0.06468462273531508,-0.9276125895432155,2.053628813672964,-0.2932112731099079,-0.276103574508738,-0.4472135954999579,-0.16012815380508713,-0.06468462273531508
206,1.4185714878224767,-0.5986235608690916,-0.45951471440233865,0.586801461026341,-0.9354143466934854,-0.453905442524948,-0.22941573387056183,-0.22941573387056183,-0.06468462273531511,1.8126539343499315,-0.09166984970282112,-0.11250879009260241,-0.06468462273531508,-0.9276125895432155,2.053628813672964,-0.2932112731099079,-0.276103574508738,-0.4472135954999579,-0.16012815380508713,-0.06468462273531508
207,1.3212203552632764,-0.5986235623769827,-0.45951917109963547,0.5515987251320417,-0.9354143466934854,-0.453905442524948,-0.22941573387056183,-0.22941573387056183,-0.06468462273531511,1.8126539343499315,-0.09166984970282112,-0.11250879009260241,-0.06468462273531508,-0.9276125895432155,2.053628813672964,-0.2932112731099079,-0.276103574508738,-0.4472135954999579,-0.16012815380508713,-0.06468462273531508
208,0.7786556380260086,-0.5986235635497867,-0.4595187835607401,0.6924096687092386,-0.9354143466934854,-0.453905442524948,-0.22941573387056183,-0.22941573387056183,-0.06468462273531511,1.8126539343499315,-0.09166984970282112,-0.11250879009260241,-0.06468462273531508,-0.9276125895432155,2.053628813672964,-0.2932112731099079,-0.276103574508738,-0.4472135954999579,-0.16012815380508713,-0.06468462273531508
209,0.9297177402730437,-0.5986235627679174,-0.45951998493131574,0.6886039675314765,-0.9354143466934854,-0.453905442524948,-0.22941573387056183,-0.22941573387056183,-0.06468462273531511,1.8126539343499315,-0.09166984970282112,-0.11250879009260241,-0.06468462273531508,-0.9276125895432155,2.053628813672964,-0.2932112731099079,-0.276103574508738,-0.4472135954999579,-0.16012815380508713,-0.06468462273531508
210,1.2433814109109846,-0.5290930411568106,-0.4472155862491648,-0.7661253076680781,-0.9354143466934854,2.203102025913772,-0.22941573387056183,-0.22941573387056183,-0.06468462273531511,-0.5516772843673705,-0.09166984970282112,-0.11250879009260241,-0.06468462273531508,-0.9276125895432155,2.053628813672964,-0.2932112731099079,-0.276103574508738,-0.4472135954999579,-0.16012815380508713,-0.06468462273531508
211,-0.05092707348062585,-0.5955407704089077,-0.44819218426551816,-0.4157153717256347,-0.9354143466934854,2.203102025913772,-0.22941573387056183,-0.22941573387056183,-0.06468462273531511,-0.5516772843673705,-0.09166984970282112,-0.11250879009260241,-0.06468462273531508,-0.9276125895432155,-0.4869429145822492,3.4105100714362973,-0.276103574508738,-0.4472135954999579,-0.16012815380508713,-0.06468462273531508
212,0.27186326583474013,-0.5942227619954353,-0.4479286578166609,-0.42836932814169365,-0.9354143466934854,2.203102025913772,-0.22941573387056183,-0.22941573387056183,-0.06468462273531511,-0.5516772843673705,-0.09166984970282112,-0.11250879009260241,-0.06468462273531508,-0.9276125895432155,-0.4869429145822492,3.4105100714362973,-0.276103574508738,-0.4472135954999579,-0.16012815380508713,-0.06468462273531508
213,1.207923778578,-0.5609374647738435,-0.44667303179563517,-0.6595656746907399,-0.9354143466934854,2.203102025913772,-0.22941573387056183,-0.22941573387056183,-0.06468462273531511,-0.5516772843673705,-0.09166984970282112,-0.11250879009260241,-0.06468462273531508,-0.9276125895432155,2.053628813672964,-0.2932112731099079,-0.276103574508738,-0.4472135954999579,-0.16012815380508713,-0.06468462273531508
214,2.485447584942162,0.5082801063114248,-0.4471574554148581,-0.851753584167725,-0.9354143466934854,-0.453905442524948,-0.22941573387056183,-0.22941573387056183,-0.06468462273531511,1.8126539343499315,-0.09166984970282112,-0.11250879009260241,-0.06468462273531508,-0.9276125895432155,-0.4869429145822492,-0.2932112731099079,-0.276103574508738,2.23606797749979,-0.16012815380508713,-0.06468462273531508
215,2.3039632537703767,0.37201143983376694,-0.4474539226698225,-0.8317736529844739,-0.9354143466934854,-0.453905442524948,-0.22941573387056183,-0.22941573387056183,-0.06468462273531511,1.8126539343499315,-0.09166984970282112,-0.11250879009260241,-0.06468462273531508,-0.9276125895432155,-0.4869429145822492,-0.2932112731099079,-0.276103574508738,2.23606797749979,-0.16012815380508713,-0.06468462273531508
216,-0.12352080594933994,-0.5984616110879166,-0.4558383266713323,-0.29935605821555916,-0.9354143466934854,2.203102025913772,-0.22941573387056183,-0.22941573387056183,-0.06468462273531511,-0.5516772843673705,-0.09166984970282112,-0.11250879009260241,-0.06468462273531508,-0.9276125895432155,-0.4869429145822492,3.4105100714362973,-0.276103574508738,-0.4472135954999579,-0.16012815380508713,-0.06468462273531508
217,0.9339139097799057,-0.5376377567187293,-0.44785502542653904,-0.7099912152960874,-0.9354143466934854,2.203102025913772,-0.22941573387056183,-0.22941573387056183,-0.06468462273531511,-0.5516772843673705,-0.09166984970282112,-0.11250879009260241,-0.06468462273531508,-0.9276125895432155,2.053628813672964,-0.2932112731099079,-0.276103574508738,-0.4472135954999579,-0.16012815380508713,-0.06468462273531508
218,0.696830332642198,-0.5936922077611986,-0.4485855362443272,-0.6681285023407046,-0.9354143466934854,2.203102025913772,-0.22941573387056183,-0.22941573387056183,-0.06468462273531511,-0.5516772843673705,-0.09166984970282112,-0.11250879009260241,-0.06468462273531508,-0.9276125895432155,2.053628813672964,-0.2932112731099079,-0.276103574508738,-0.4472135954999579,-0.16012815380508713,-0.06468462273531508
219,-0.23576834025790075,-0.5985719105208237,-0.45579957278179445,-0.5101919034635783,-0.9354143466934854,-0.453905442524948,-0.22941573387056183,4.358898943540674,-0.06468462273531511,-0.5516772843673705,-0.09166984970282112,-0.11250879009260241,-0.06468462273531508,-0.9276125895432155,-0.4869429145822492,-0.2932112731099079,3.621829242085211,-0.4472135954999579,-0.16012815380508713,-0.06468462273531508
220,1.382694238538806,0.7656826816374596,-0.39172001643099036,-1.0134958842226132,-0.9354143466934854,-0.453905442524948,-0.22941573387056183,-0.22941573387056183,-0.06468462273531511,1.8126539343499315,-0.09166984970282112,-0.11250879009260241,-0.06468462273531508,-0.9276125895432155,-0.4869429145822492,-0.2932112731099079,-0.276103574508738,2.23606797749979,-0.16012815380508713,-0.06468462273531508
221,0.2361958250264124,1.2584279457081051,-0.3122745428784361,-1.084852781305652,-0.9354143466934854,-0.453905442524948,-0.22941573387056183,-0.22941573387056183,-0.06468462273531511,1.8126539343499315,-0.09166984970282112,-0.11250879009260241,-0.06468462273531508,-0.9276125895432155,-0.4869429145822492,-0.2932112731099079,-0.276103574508738,2.23606797749979,-0.16012815380508713,-0.06468462273531508
222,-0.11691183897603216,1.3166213680317607,-0.2696452643868216,-1.0810470801278902,-0.9354143466934854,-0.453905442524948,-0.22941573387056183,-0.22941573387056183,-0.06468462273531511,1.8126539343499315,-0.09166984970282112,-0.11250879009260241,-0.06468462273531508,-0.9276125895432155,-0.4869429145822492,-0.2932112731099079,-0.276103574508738,2.23606797749979,-0.16012815380508713,-0.06468462273531508
223,1.3577270299729765,2.4028055050497796,-0.3025860704939783,-0.9854288380366178,-0.9354143466934854,-0.453905442524948,-0.22941573387056183,-0.22941573387056183,-0.06468462273531511,1.8126539343499315,-0.09166984970282112,-0.11250879009260241,-0.06468462273531508,-0.9276125895432155,-0.4869429145822492,-0.2932112731099079,-0.276103574508738,2.23606797749979,-0.16012815380508713,-0.06468462273531508
224,0.65979913674414,0.7793095482852254,-0.33940226555491804,-1.0211072865781374,-0.9354143466934854,-0.453905442524948,-0.22941573387056183,-0.22941573387056183,-0.06468462273531511,1.8126539343499315,-0.09166984970282112,-0.11250879009260241,-0.06468462273531508,-0.9276125895432155,-0.4869429145822492,-0.2932112731099079,-0.276103574508738,2.23606797749979,-0.16012815380508713,-0.06468462273531508
225,0.8640476874906521,0.6567235962694635,-0.3704053771851831,-1.1257640689665944,-0.9354143466934854,-0.453905442524948,-0.22941573387056183,-0.22941573387056183,-0.06468462273531511,1.8126539343499315,-0.09166984970282112,-0.11250879009260241,-0.06468462273531508,-0.9276125895432155,-0.4869429145822492,-0.2932112731099079,-0.276103574508738,2.23606797749979,-0.16012815380508713,-0.06468462273531508
226,-0.06351558200121211,2.7181781114429495,-0.30452376497086986,-1.1078772734311129,-0.9354143466934854,-0.453905442524948,-0.22941573387056183,-0.22941573387056183,-0.06468462273531511,1.8126539343499315,-0.09166984970282112,-0.11250879009260241,-0.06468462273531508,-0.9276125895432155,-0.4869429145822492,-0.2932112731099079,-0.276103574508738,2.23606797749979,-0.16012815380508713,-0.06468462273531508
227,0.045375016701859026,3.7794541233589047,-0.411096961199906,-1.009119327868187,-0.9354143466934854,-0.453905442524948,-0.22941573387056183,-0.22941573387056183,-0.06468462273531511,1.8126539343499315,-0.09166984970282112,-0.11250879009260241,-0.06468462273531508,-0.9276125895432155,-0.4869429145822492,-0.2932112731099079,-0.276103574508738,2.23606797749979,-0.16012815380508713,-0.06468462273531508
228,1.321535067976291,1.3438751013272923,-0.29289759810952043,-0.9787688609755344,-0.9354143466934854,-0.453905442524948,-0.22941573387056183,-0.22941573387056183,-0.06468462273531511,1.8126539343499315,-0.09166984970282112,-0.11250879009260241,-0.06468462273531508,-0.9276125895432155,-0.4869429145822492,-0.2932112731099079,-0.276103574508738,2.23606797749979,-0.16012815380508713,-0.06468462273531508
229,1.1791800174559948,3.5837633826467274,-0.28127143124817106,-1.1158692459044133,-0.9354143466934854,-0.453905442524948,-0.22941573387056183,-0.22941573387056183,-0.06468462273531511,1.8126539343499315,-0.09166984970282112,-0.11250879009260241,-0.06468462273531508,-0.9276125895432155,-0.4869429145822492,-0.2932112731099079,-0.276103574508738,2.23606797749979,-0.16012815380508713,-0.06468462273531508
230,1.4316845175314208,1.540308617967401,2.435376225353805,-1.2580121848938268,-0.9354143466934854,2.203102025913772,-0.22941573387056183,-0.22941573387056183,-0.06468462273531511,-0.5516772843673705,-0.09166984970282112,-0.11250879009260241,-0.06468462273531508,-0.9276125895432155,2.053628813672964,-0.2932112731099079,-0.276103574508738,-0.4472135954999579,-0.16012815380508713,-0.06468462273531508
231,2.909680322085919,0.9250723431650151,2.167974387542769,-1.30082632314365,-0.9354143466934854,-0.453905442524948,-0.22941573387056183,-0.22941573387056183,-0.06468462273531511,1.8126539343499315,-0.09166984970282112,-0.11250879009260241,-0.06468462273531508,-0.9276125895432155,-0.4869429145822492,-0.2932112731099079,-0.276103574508738,2.23606797749979,-0.16012815380508713,-0.06468462273531508
232,2.3070054766628516,3.0227162418948623,3.3160583651010223,-1.4482972437819308,-0.9354143466934854,-0.453905442524948,-0.22941573387056183,-0.22941573387056183,-0.06468462273531511,1.8126539343499315,-0.09166984970282112,-0.11250879009260241,-0.06468462273531508,-0.9276125895432155,-0.4869429145822492,-0.2932112731099079,-0.276103574508738,2.23606797749979,-0.16012815380508713,-0.06468462273531508
233,1.8087103477229791,4.145201458097504,1.9664541619460463,-1.1390840230887618,-0.9354143466934854,2.203102025913772,-0.22941573387056183,-0.22941573387056183,-0.06468462273531511,-0.5516772843673705,-0.09166984970282112,-0.11250879009260241,-0.06468462273531508,-0.9276125895432155,2.053628813672964,-0.2932112731099079,-0.276103574508738,-0.4472135954999579,-0.16012815380508713,-0.06468462273531508
234,1.1965941209094724,3.58152947008152,1.730055435765275,-1.146695425444286,-0.9354143466934854,2.203102025913772,-0.22941573387056183,-0.22941573387056183,-0.06468462273531511,-0.5516772843673705,-0.09166984970282112,-0.11250879009260241,-0.06468462273531508,-0.9276125895432155,2.053628813672964,-0.2932112731099079,-0.276103574508738,-0.4472135954999579,-0.16012815380508713,-0.06468462273531508
235,2.9837427138820347,1.4947200472929287,2.167974387542769,-1.3617175419878433,-0.9354143466934854,-0.453905442524948,-0.22941573387056183,-0.22941573387056183,-0.06468462273531511,1.8126539343499315,-0.09166984970282112,-0.11250879009260241,-0.06468462273531508,-0.9276125895432155,-0.4869429145822492,-0.2932112731099079,-0.276103574508738,2.23606797749979,-0.16012815380508713,-0.06468462273531508
236,2.1339134845047907,4.0593186895281015,1.8540678822863355,-1.42831731259868,-0.9354143466934854,-0.453905442524948,-0.22941573387056183,-0.22941573387056183,-0.06468462273531511,1.8126539343499315,-0.09166984970282112,-0.11250879009260241,-0.06468462273531508,-0.9276125895432155,-0.4869429145822492,-0.2932112731099079,-0.276103574508738,2.23606797749979,-0.16012815380508713,-0.06468462273531508
237,-0.17502878664607205,2.4031573462788,2.2977999174945043,-1.437831565543085,-0.9354143466934854,-0.453905442524948,4.358898943540674,-0.22941573387056183,-0.06468462273531511,-0.5516772843673705,-0.09166984970282112,-0.11250879009260241,-0.06468462273531508,-0.9276125895432155,-0.4869429145822492,3.4105100714362973,-0.276103574508738,-0.4472135954999579,-0.16012815380508713,-0.06468462273531508
238,-0.13243766615142188,1.6628778156389237,1.695176935181227,-1.485402830265111,-0.9354143466934854,-0.453905442524948,4.358898943540674,-0.22941573387056183,-0.06468462273531511,-0.5516772843673705,-0.09166984970282112,-0.11250879009260241,-0.06468462273531508,-0.9276125895432155,-0.4869429145822492,3.4105100714362973,-0.276103574508738,-0.4472135954999579,-0.16012815380508713,-0.06468462273531508
239,2.8727540304255323,1.0483452232945782,2.9953699291754683,-1.159063954272013,-0.9354143466934854,-0.453905442524948,-0.22941573387056183,-0.22941573387056183,-0.06468462273531511,1.8126539343499315,-0.09166984970282112,-0.11250879009260241,-0.06468462273531508,-0.9276125895432155,-0.4869429145822492,-0.2932112731099079,-0.276103574508738,2.23606797749979,-0.16012815380508713,-0.06468462273531508
